"FIPS","STATEFP","COUNTYFP","CD115FP"
"101003","1","3","1"
"101025","1","25","1"
"101053","1","53","1"
"101097","1","97","1"
"101099","1","99","1"
"101129","1","129","1"
"102001","1","1","2"
"102005","1","5","2"
"102011","1","11","2"
"102013","1","13","2"
"102031","1","31","2"
"102035","1","35","2"
"102039","1","39","2"
"102041","1","41","2"
"102045","1","45","2"
"102051","1","51","2"
"102061","1","61","2"
"102067","1","67","2"
"102069","1","69","2"
"102101","1","101","2"
"102109","1","109","2"
"103015","1","15","3"
"103017","1","17","3"
"103019","1","19","3"
"103027","1","27","3"
"103029","1","29","3"
"103081","1","81","3"
"103087","1","87","3"
"103101","1","101","3"
"103111","1","111","3"
"103113","1","113","3"
"103115","1","115","3"
"103121","1","121","3"
"103123","1","123","3"
"104009","1","9","4"
"104019","1","19","4"
"104033","1","33","4"
"104043","1","43","4"
"104049","1","49","4"
"104055","1","55","4"
"104057","1","57","4"
"104059","1","59","4"
"104071","1","71","4"
"104075","1","75","4"
"104079","1","79","4"
"104093","1","93","4"
"104095","1","95","4"
"104125","1","125","4"
"104127","1","127","4"
"104133","1","133","4"
"105071","1","71","5"
"105077","1","77","5"
"105083","1","83","5"
"105089","1","89","5"
"105103","1","103","5"
"106007","1","7","6"
"106009","1","9","6"
"106021","1","21","6"
"106037","1","37","6"
"106073","1","73","6"
"106117","1","117","6"
"107023","1","23","7"
"107025","1","25","7"
"107047","1","47","7"
"107063","1","63","7"
"107065","1","65","7"
"107073","1","73","7"
"107085","1","85","7"
"107091","1","91","7"
"107101","1","101","7"
"107105","1","105","7"
"107107","1","107","7"
"107119","1","119","7"
"107125","1","125","7"
"107131","1","131","7"
"200013","2","13","0"
"200016","2","16","0"
"200020","2","20","0"
"200050","2","50","0"
"200060","2","60","0"
"200068","2","68","0"
"200070","2","70","0"
"200090","2","90","0"
"200100","2","100","0"
"200105","2","105","0"
"200110","2","110","0"
"200122","2","122","0"
"200130","2","130","0"
"200150","2","150","0"
"200158","2","158","0"
"200164","2","164","0"
"200170","2","170","0"
"200180","2","180","0"
"200185","2","185","0"
"200188","2","188","0"
"200195","2","195","0"
"200198","2","198","0"
"200220","2","220","0"
"200230","2","230","0"
"200240","2","240","0"
"200261","2","261","0"
"200275","2","275","0"
"200282","2","282","0"
"200290","2","290","0"
"401001","4","1","1"
"401005","4","5","1"
"401007","4","7","1"
"401009","4","9","1"
"401011","4","11","1"
"401013","4","13","1"
"401015","4","15","1"
"401017","4","17","1"
"401019","4","19","1"
"401021","4","21","1"
"401025","4","25","1"
"402003","4","3","2"
"402019","4","19","2"
"403013","4","13","3"
"403019","4","19","3"
"403021","4","21","3"
"403023","4","23","3"
"403027","4","27","3"
"404007","4","7","4"
"404012","4","12","4"
"404013","4","13","4"
"404015","4","15","4"
"404021","4","21","4"
"404025","4","25","4"
"404027","4","27","4"
"405013","4","13","5"
"406013","4","13","6"
"407013","4","13","7"
"408013","4","13","8"
"409013","4","13","9"
"501001","5","1","1"
"501005","5","5","1"
"501017","5","17","1"
"501021","5","21","1"
"501023","5","23","1"
"501031","5","31","1"
"501035","5","35","1"
"501037","5","37","1"
"501041","5","41","1"
"501049","5","49","1"
"501055","5","55","1"
"501063","5","63","1"
"501065","5","65","1"
"501067","5","67","1"
"501069","5","69","1"
"501075","5","75","1"
"501077","5","77","1"
"501079","5","79","1"
"501085","5","85","1"
"501093","5","93","1"
"501095","5","95","1"
"501107","5","107","1"
"501111","5","111","1"
"501117","5","117","1"
"501121","5","121","1"
"501123","5","123","1"
"501129","5","129","1"
"501135","5","135","1"
"501137","5","137","1"
"501147","5","147","1"
"502029","5","29","2"
"502045","5","45","2"
"502105","5","105","2"
"502119","5","119","2"
"502125","5","125","2"
"502141","5","141","2"
"502145","5","145","2"
"503007","5","7","3"
"503009","5","9","3"
"503015","5","15","3"
"503033","5","33","3"
"503089","5","89","3"
"503101","5","101","3"
"503115","5","115","3"
"503129","5","129","3"
"503131","5","131","3"
"503143","5","143","3"
"504003","5","3","4"
"504011","5","11","4"
"504013","5","13","4"
"504019","5","19","4"
"504025","5","25","4"
"504027","5","27","4"
"504033","5","33","4"
"504039","5","39","4"
"504043","5","43","4"
"504047","5","47","4"
"504051","5","51","4"
"504053","5","53","4"
"504057","5","57","4"
"504059","5","59","4"
"504061","5","61","4"
"504069","5","69","4"
"504071","5","71","4"
"504073","5","73","4"
"504081","5","81","4"
"504083","5","83","4"
"504087","5","87","4"
"504091","5","91","4"
"504097","5","97","4"
"504099","5","99","4"
"504101","5","101","4"
"504103","5","103","4"
"504109","5","109","4"
"504113","5","113","4"
"504127","5","127","4"
"504131","5","131","4"
"504133","5","133","4"
"504139","5","139","4"
"504149","5","149","4"
"601007","6","7","1"
"601021","6","21","1"
"601035","6","35","1"
"601049","6","49","1"
"601057","6","57","1"
"601061","6","61","1"
"601063","6","63","1"
"601089","6","89","1"
"601091","6","91","1"
"601093","6","93","1"
"601103","6","103","1"
"602015","6","15","2"
"602023","6","23","2"
"602041","6","41","2"
"602045","6","45","2"
"602097","6","97","2"
"602105","6","105","2"
"603011","6","11","3"
"603021","6","21","3"
"603033","6","33","3"
"603067","6","67","3"
"603095","6","95","3"
"603101","6","101","3"
"603113","6","113","3"
"603115","6","115","3"
"604003","6","3","4"
"604005","6","5","4"
"604009","6","9","4"
"604017","6","17","4"
"604019","6","19","4"
"604039","6","39","4"
"604043","6","43","4"
"604057","6","57","4"
"604061","6","61","4"
"604109","6","109","4"
"605013","6","13","5"
"605033","6","33","5"
"605055","6","55","5"
"605095","6","95","5"
"605097","6","97","5"
"606067","6","67","6"
"606113","6","113","6"
"607067","6","67","7"
"608027","6","27","8"
"608051","6","51","8"
"608071","6","71","8"
"609013","6","13","9"
"609067","6","67","9"
"609077","6","77","9"
"610077","6","77","10"
"610099","6","99","10"
"611013","6","13","11"
"612075","6","75","12"
"613001","6","1","13"
"613075","6","75","13"
"614075","6","75","14"
"614081","6","81","14"
"615001","6","1","15"
"615013","6","13","15"
"616019","6","19","16"
"616039","6","39","16"
"616047","6","47","16"
"617001","6","1","17"
"617085","6","85","17"
"618081","6","81","18"
"618085","6","85","18"
"618087","6","87","18"
"619085","6","85","19"
"620053","6","53","20"
"620069","6","69","20"
"620085","6","85","20"
"620087","6","87","20"
"621019","6","19","21"
"621029","6","29","21"
"621031","6","31","21"
"621107","6","107","21"
"622019","6","19","22"
"622107","6","107","22"
"623029","6","29","23"
"623037","6","37","23"
"623107","6","107","23"
"624079","6","79","24"
"624083","6","83","24"
"624111","6","111","24"
"625037","6","37","25"
"625111","6","111","25"
"626037","6","37","26"
"626111","6","111","26"
"627037","6","37","27"
"627071","6","71","27"
"628037","6","37","28"
"629037","6","37","29"
"630037","6","37","30"
"630111","6","111","30"
"631071","6","71","31"
"632037","6","37","32"
"633037","6","37","33"
"634037","6","37","34"
"635037","6","37","35"
"635071","6","71","35"
"636065","6","65","36"
"637037","6","37","37"
"638037","6","37","38"
"638059","6","59","38"
"639037","6","37","39"
"639059","6","59","39"
"639071","6","71","39"
"640037","6","37","40"
"641065","6","65","41"
"642065","6","65","42"
"643037","6","37","43"
"644037","6","37","44"
"645059","6","59","45"
"646059","6","59","46"
"647037","6","37","47"
"647059","6","59","47"
"648059","6","59","48"
"649059","6","59","49"
"649073","6","73","49"
"650065","6","65","50"
"650073","6","73","50"
"651025","6","25","51"
"651073","6","73","51"
"652073","6","73","52"
"653073","6","73","53"
"801005","8","5","1"
"801031","8","31","1"
"801059","8","59","1"
"802013","8","13","2"
"802014","8","14","2"
"802019","8","19","2"
"802037","8","37","2"
"802047","8","47","2"
"802049","8","49","2"
"802059","8","59","2"
"802069","8","69","2"
"802093","8","93","2"
"802117","8","117","2"
"802123","8","123","2"
"803003","8","3","3"
"803007","8","7","3"
"803021","8","21","3"
"803023","8","23","3"
"803027","8","27","3"
"803029","8","29","3"
"803033","8","33","3"
"803037","8","37","3"
"803045","8","45","3"
"803051","8","51","3"
"803053","8","53","3"
"803055","8","55","3"
"803057","8","57","3"
"803065","8","65","3"
"803067","8","67","3"
"803077","8","77","3"
"803079","8","79","3"
"803081","8","81","3"
"803083","8","83","3"
"803085","8","85","3"
"803091","8","91","3"
"803097","8","97","3"
"803101","8","101","3"
"803103","8","103","3"
"803105","8","105","3"
"803107","8","107","3"
"803109","8","109","3"
"803111","8","111","3"
"803113","8","113","3"
"804001","8","1","4"
"804005","8","5","4"
"804009","8","9","4"
"804011","8","11","4"
"804013","8","13","4"
"804017","8","17","4"
"804025","8","25","4"
"804035","8","35","4"
"804039","8","39","4"
"804061","8","61","4"
"804063","8","63","4"
"804071","8","71","4"
"804073","8","73","4"
"804075","8","75","4"
"804087","8","87","4"
"804089","8","89","4"
"804095","8","95","4"
"804099","8","99","4"
"804115","8","115","4"
"804121","8","121","4"
"804123","8","123","4"
"804125","8","125","4"
"805015","8","15","5"
"805041","8","41","5"
"805043","8","43","5"
"805093","8","93","5"
"805119","8","119","5"
"806001","8","1","6"
"806005","8","5","6"
"806035","8","35","6"
"807001","8","1","7"
"807059","8","59","7"
"901003","9","3","1"
"901005","9","5","1"
"901007","9","7","1"
"902003","9","3","2"
"902007","9","7","2"
"902009","9","9","2"
"902011","9","11","2"
"902013","9","13","2"
"902015","9","15","2"
"903001","9","1","3"
"903007","9","7","3"
"903009","9","9","3"
"904001","9","1","4"
"904009","9","9","4"
"905001","9","1","5"
"905003","9","3","5"
"905005","9","5","5"
"905009","9","9","5"
"1000001","10","1","0"
"1000003","10","3","0"
"1000005","10","5","0"
"1198001","11","1","98"
"1201033","12","33","1"
"1201059","12","59","1"
"1201091","12","91","1"
"1201113","12","113","1"
"1201131","12","131","1"
"1202005","12","5","2"
"1202013","12","13","2"
"1202023","12","23","2"
"1202029","12","29","2"
"1202037","12","37","2"
"1202041","12","41","2"
"1202045","12","45","2"
"1202059","12","59","2"
"1202063","12","63","2"
"1202065","12","65","2"
"1202067","12","67","2"
"1202073","12","73","2"
"1202075","12","75","2"
"1202077","12","77","2"
"1202083","12","83","2"
"1202121","12","121","2"
"1202123","12","123","2"
"1202129","12","129","2"
"1202133","12","133","2"
"1203001","12","1","3"
"1203007","12","7","3"
"1203019","12","19","3"
"1203083","12","83","3"
"1203107","12","107","3"
"1203125","12","125","3"
"1204031","12","31","4"
"1204089","12","89","4"
"1204109","12","109","4"
"1205003","12","3","5"
"1205023","12","23","5"
"1205031","12","31","5"
"1205039","12","39","5"
"1205047","12","47","5"
"1205065","12","65","5"
"1205073","12","73","5"
"1205079","12","79","5"
"1206035","12","35","6"
"1206069","12","69","6"
"1206109","12","109","6"
"1206127","12","127","6"
"1207095","12","95","7"
"1207117","12","117","7"
"1208009","12","9","8"
"1208061","12","61","8"
"1208095","12","95","8"
"1209095","12","95","9"
"1209097","12","97","9"
"1209105","12","105","9"
"1210095","12","95","10"
"1211017","12","17","11"
"1211053","12","53","11"
"1211069","12","69","11"
"1211083","12","83","11"
"1211119","12","119","11"
"1212057","12","57","12"
"1212101","12","101","12"
"1212103","12","103","12"
"1213103","12","103","13"
"1214057","12","57","14"
"1215057","12","57","15"
"1215069","12","69","15"
"1215105","12","105","15"
"1216057","12","57","16"
"1216081","12","81","16"
"1216115","12","115","16"
"1217015","12","15","17"
"1217027","12","27","17"
"1217043","12","43","17"
"1217049","12","49","17"
"1217055","12","55","17"
"1217071","12","71","17"
"1217093","12","93","17"
"1217105","12","105","17"
"1217115","12","115","17"
"1218085","12","85","18"
"1218099","12","99","18"
"1218111","12","111","18"
"1219021","12","21","19"
"1219071","12","71","19"
"1220011","12","11","20"
"1220099","12","99","20"
"1221099","12","99","21"
"1222011","12","11","22"
"1222099","12","99","22"
"1223011","12","11","23"
"1223086","12","86","23"
"1224011","12","11","24"
"1224086","12","86","24"
"1225021","12","21","25"
"1225051","12","51","25"
"1225086","12","86","25"
"1226086","12","86","26"
"1226087","12","87","26"
"1227086","12","86","27"
"1301005","13","5","1"
"1301025","13","25","1"
"1301029","13","29","1"
"1301039","13","39","1"
"1301049","13","49","1"
"1301051","13","51","1"
"1301065","13","65","1"
"1301101","13","101","1"
"1301103","13","103","1"
"1301127","13","127","1"
"1301179","13","179","1"
"1301183","13","183","1"
"1301185","13","185","1"
"1301191","13","191","1"
"1301229","13","229","1"
"1301299","13","299","1"
"1301305","13","305","1"
"1302007","13","7","2"
"1302021","13","21","2"
"1302037","13","37","2"
"1302053","13","53","2"
"1302061","13","61","2"
"1302079","13","79","2"
"1302081","13","81","2"
"1302087","13","87","2"
"1302093","13","93","2"
"1302095","13","95","2"
"1302099","13","99","2"
"1302131","13","131","2"
"1302177","13","177","2"
"1302193","13","193","2"
"1302197","13","197","2"
"1302201","13","201","2"
"1302205","13","205","2"
"1302215","13","215","2"
"1302225","13","225","2"
"1302239","13","239","2"
"1302243","13","243","2"
"1302249","13","249","2"
"1302253","13","253","2"
"1302259","13","259","2"
"1302261","13","261","2"
"1302263","13","263","2"
"1302269","13","269","2"
"1302273","13","273","2"
"1302307","13","307","2"
"1303045","13","45","3"
"1303077","13","77","3"
"1303113","13","113","3"
"1303145","13","145","3"
"1303149","13","149","3"
"1303151","13","151","3"
"1303171","13","171","3"
"1303199","13","199","3"
"1303215","13","215","3"
"1303231","13","231","3"
"1303255","13","255","3"
"1303285","13","285","3"
"1303293","13","293","3"
"1304089","13","89","4"
"1304135","13","135","4"
"1304217","13","217","4"
"1304247","13","247","4"
"1305063","13","63","5"
"1305089","13","89","5"
"1305121","13","121","5"
"1306067","13","67","6"
"1306089","13","89","6"
"1306121","13","121","6"
"1307117","13","117","7"
"1307135","13","135","7"
"1308003","13","3","8"
"1308017","13","17","8"
"1308019","13","19","8"
"1308021","13","21","8"
"1308023","13","23","8"
"1308027","13","27","8"
"1308071","13","71","8"
"1308075","13","75","8"
"1308091","13","91","8"
"1308153","13","153","8"
"1308155","13","155","8"
"1308169","13","169","8"
"1308173","13","173","8"
"1308185","13","185","8"
"1308207","13","207","8"
"1308235","13","235","8"
"1308271","13","271","8"
"1308275","13","275","8"
"1308277","13","277","8"
"1308287","13","287","8"
"1308289","13","289","8"
"1308315","13","315","8"
"1308319","13","319","8"
"1308321","13","321","8"
"1309011","13","11","9"
"1309059","13","59","9"
"1309085","13","85","9"
"1309105","13","105","9"
"1309111","13","111","9"
"1309117","13","117","9"
"1309119","13","119","9"
"1309123","13","123","9"
"1309137","13","137","9"
"1309139","13","139","9"
"1309147","13","147","9"
"1309157","13","157","9"
"1309187","13","187","9"
"1309195","13","195","9"
"1309227","13","227","9"
"1309241","13","241","9"
"1309257","13","257","9"
"1309281","13","281","9"
"1309291","13","291","9"
"1309311","13","311","9"
"1310009","13","9","10"
"1310013","13","13","10"
"1310035","13","35","10"
"1310059","13","59","10"
"1310073","13","73","10"
"1310125","13","125","10"
"1310133","13","133","10"
"1310135","13","135","10"
"1310141","13","141","10"
"1310151","13","151","10"
"1310159","13","159","10"
"1310163","13","163","10"
"1310167","13","167","10"
"1310181","13","181","10"
"1310189","13","189","10"
"1310211","13","211","10"
"1310217","13","217","10"
"1310219","13","219","10"
"1310221","13","221","10"
"1310237","13","237","10"
"1310265","13","265","10"
"1310297","13","297","10"
"1310301","13","301","10"
"1310303","13","303","10"
"1310317","13","317","10"
"1311015","13","15","11"
"1311057","13","57","11"
"1311067","13","67","11"
"1311121","13","121","11"
"1312001","13","1","12"
"1312031","13","31","12"
"1312033","13","33","12"
"1312043","13","43","12"
"1312069","13","69","12"
"1312073","13","73","12"
"1312103","13","103","12"
"1312107","13","107","12"
"1312109","13","109","12"
"1312161","13","161","12"
"1312165","13","165","12"
"1312175","13","175","12"
"1312209","13","209","12"
"1312245","13","245","12"
"1312251","13","251","12"
"1312267","13","267","12"
"1312279","13","279","12"
"1312283","13","283","12"
"1312309","13","309","12"
"1313063","13","63","13"
"1313067","13","67","13"
"1313097","13","97","13"
"1313113","13","113","13"
"1313121","13","121","13"
"1313151","13","151","13"
"1314047","13","47","14"
"1314055","13","55","14"
"1314083","13","83","14"
"1314115","13","115","14"
"1314129","13","129","14"
"1314143","13","143","14"
"1314213","13","213","14"
"1314223","13","223","14"
"1314227","13","227","14"
"1314233","13","233","14"
"1314295","13","295","14"
"1314313","13","313","14"
"1501003","15","3","1"
"1502001","15","1","2"
"1502003","15","3","2"
"1502005","15","5","2"
"1502007","15","7","2"
"1502009","15","9","2"
"1601001","16","1","1"
"1601003","16","3","1"
"1601009","16","9","1"
"1601015","16","15","1"
"1601017","16","17","1"
"1601021","16","21","1"
"1601027","16","27","1"
"1601035","16","35","1"
"1601045","16","45","1"
"1601049","16","49","1"
"1601055","16","55","1"
"1601057","16","57","1"
"1601061","16","61","1"
"1601069","16","69","1"
"1601073","16","73","1"
"1601075","16","75","1"
"1601079","16","79","1"
"1601085","16","85","1"
"1601087","16","87","1"
"1602001","16","1","2"
"1602005","16","5","2"
"1602007","16","7","2"
"1602011","16","11","2"
"1602013","16","13","2"
"1602019","16","19","2"
"1602023","16","23","2"
"1602025","16","25","2"
"1602029","16","29","2"
"1602031","16","31","2"
"1602033","16","33","2"
"1602037","16","37","2"
"1602039","16","39","2"
"1602041","16","41","2"
"1602043","16","43","2"
"1602047","16","47","2"
"1602051","16","51","2"
"1602053","16","53","2"
"1602059","16","59","2"
"1602063","16","63","2"
"1602065","16","65","2"
"1602067","16","67","2"
"1602071","16","71","2"
"1602077","16","77","2"
"1602081","16","81","2"
"1602083","16","83","2"
"1701031","17","31","1"
"1701197","17","197","1"
"1702031","17","31","2"
"1702091","17","91","2"
"1702197","17","197","2"
"1703031","17","31","3"
"1703043","17","43","3"
"1703197","17","197","3"
"1704031","17","31","4"
"1705031","17","31","5"
"1705043","17","43","5"
"1706031","17","31","6"
"1706043","17","43","6"
"1706089","17","89","6"
"1706097","17","97","6"
"1706111","17","111","6"
"1707031","17","31","7"
"1708031","17","31","8"
"1708043","17","43","8"
"1708089","17","89","8"
"1709031","17","31","9"
"1710031","17","31","10"
"1710097","17","97","10"
"1711031","17","31","11"
"1711043","17","43","11"
"1711089","17","89","11"
"1711093","17","93","11"
"1711197","17","197","11"
"1712003","17","3","12"
"1712055","17","55","12"
"1712077","17","77","12"
"1712081","17","81","12"
"1712119","17","119","12"
"1712133","17","133","12"
"1712145","17","145","12"
"1712153","17","153","12"
"1712157","17","157","12"
"1712163","17","163","12"
"1712181","17","181","12"
"1712199","17","199","12"
"1713005","17","5","13"
"1713013","17","13","13"
"1713019","17","19","13"
"1713021","17","21","13"
"1713039","17","39","13"
"1713061","17","61","13"
"1713083","17","83","13"
"1713113","17","113","13"
"1713115","17","115","13"
"1713117","17","117","13"
"1713119","17","119","13"
"1713135","17","135","13"
"1713147","17","147","13"
"1713167","17","167","13"
"1714037","17","37","14"
"1714043","17","43","14"
"1714089","17","89","14"
"1714093","17","93","14"
"1714097","17","97","14"
"1714111","17","111","14"
"1714197","17","197","14"
"1715005","17","5","15"
"1715019","17","19","15"
"1715023","17","23","15"
"1715025","17","25","15"
"1715027","17","27","15"
"1715029","17","29","15"
"1715033","17","33","15"
"1715035","17","35","15"
"1715041","17","41","15"
"1715045","17","45","15"
"1715047","17","47","15"
"1715049","17","49","15"
"1715051","17","51","15"
"1715053","17","53","15"
"1715059","17","59","15"
"1715065","17","65","15"
"1715069","17","69","15"
"1715079","17","79","15"
"1715087","17","87","15"
"1715101","17","101","15"
"1715119","17","119","15"
"1715121","17","121","15"
"1715127","17","127","15"
"1715139","17","139","15"
"1715151","17","151","15"
"1715159","17","159","15"
"1715165","17","165","15"
"1715173","17","173","15"
"1715183","17","183","15"
"1715185","17","185","15"
"1715189","17","189","15"
"1715191","17","191","15"
"1715193","17","193","15"
"1716007","17","7","16"
"1716011","17","11","16"
"1716037","17","37","16"
"1716053","17","53","16"
"1716063","17","63","16"
"1716075","17","75","16"
"1716099","17","99","16"
"1716103","17","103","16"
"1716105","17","105","16"
"1716141","17","141","16"
"1716155","17","155","16"
"1716175","17","175","16"
"1716197","17","197","16"
"1716201","17","201","16"
"1717015","17","15","17"
"1717057","17","57","17"
"1717071","17","71","17"
"1717073","17","73","17"
"1717085","17","85","17"
"1717095","17","95","17"
"1717131","17","131","17"
"1717143","17","143","17"
"1717161","17","161","17"
"1717177","17","177","17"
"1717179","17","179","17"
"1717187","17","187","17"
"1717195","17","195","17"
"1717201","17","201","17"
"1718001","17","1","18"
"1718009","17","9","18"
"1718017","17","17","18"
"1718067","17","67","18"
"1718107","17","107","18"
"1718109","17","109","18"
"1718113","17","113","18"
"1718123","17","123","18"
"1718125","17","125","18"
"1718129","17","129","18"
"1718137","17","137","18"
"1718143","17","143","18"
"1718149","17","149","18"
"1718167","17","167","18"
"1718169","17","169","18"
"1718171","17","171","18"
"1718175","17","175","18"
"1718179","17","179","18"
"1718203","17","203","18"
"1801089","18","89","1"
"1801091","18","91","1"
"1801127","18","127","1"
"1802039","18","39","2"
"1802049","18","49","2"
"1802085","18","85","2"
"1802091","18","91","2"
"1802099","18","99","2"
"1802103","18","103","2"
"1802131","18","131","2"
"1802141","18","141","2"
"1802149","18","149","2"
"1802169","18","169","2"
"1803001","18","1","3"
"1803003","18","3","3"
"1803009","18","9","3"
"1803033","18","33","3"
"1803069","18","69","3"
"1803075","18","75","3"
"1803085","18","85","3"
"1803087","18","87","3"
"1803113","18","113","3"
"1803151","18","151","3"
"1803179","18","179","3"
"1803183","18","183","3"
"1804007","18","7","4"
"1804011","18","11","4"
"1804015","18","15","4"
"1804017","18","17","4"
"1804023","18","23","4"
"1804045","18","45","4"
"1804063","18","63","4"
"1804067","18","67","4"
"1804073","18","73","4"
"1804107","18","107","4"
"1804109","18","109","4"
"1804111","18","111","4"
"1804133","18","133","4"
"1804157","18","157","4"
"1804171","18","171","4"
"1804181","18","181","4"
"1805009","18","9","5"
"1805011","18","11","5"
"1805053","18","53","5"
"1805057","18","57","5"
"1805067","18","67","5"
"1805095","18","95","5"
"1805097","18","97","5"
"1805159","18","159","5"
"1806005","18","5","6"
"1806029","18","29","6"
"1806031","18","31","6"
"1806035","18","35","6"
"1806041","18","41","6"
"1806047","18","47","6"
"1806059","18","59","6"
"1806065","18","65","6"
"1806077","18","77","6"
"1806079","18","79","6"
"1806115","18","115","6"
"1806135","18","135","6"
"1806137","18","137","6"
"1806139","18","139","6"
"1806143","18","143","6"
"1806145","18","145","6"
"1806155","18","155","6"
"1806161","18","161","6"
"1806177","18","177","6"
"1807097","18","97","7"
"1808021","18","21","8"
"1808025","18","25","8"
"1808027","18","27","8"
"1808037","18","37","8"
"1808051","18","51","8"
"1808055","18","55","8"
"1808083","18","83","8"
"1808101","18","101","8"
"1808119","18","119","8"
"1808121","18","121","8"
"1808123","18","123","8"
"1808125","18","125","8"
"1808129","18","129","8"
"1808147","18","147","8"
"1808153","18","153","8"
"1808163","18","163","8"
"1808165","18","165","8"
"1808167","18","167","8"
"1808173","18","173","8"
"1809013","18","13","9"
"1809019","18","19","9"
"1809025","18","25","9"
"1809043","18","43","9"
"1809061","18","61","9"
"1809071","18","71","9"
"1809081","18","81","9"
"1809093","18","93","9"
"1809105","18","105","9"
"1809109","18","109","9"
"1809117","18","117","9"
"1809143","18","143","9"
"1809175","18","175","9"
"1901005","19","5","1"
"1901011","19","11","1"
"1901013","19","13","1"
"1901017","19","17","1"
"1901019","19","19","1"
"1901043","19","43","1"
"1901055","19","55","1"
"1901061","19","61","1"
"1901065","19","65","1"
"1901089","19","89","1"
"1901095","19","95","1"
"1901097","19","97","1"
"1901105","19","105","1"
"1901113","19","113","1"
"1901127","19","127","1"
"1901131","19","131","1"
"1901157","19","157","1"
"1901171","19","171","1"
"1901191","19","191","1"
"1901195","19","195","1"
"1902007","19","7","2"
"1902031","19","31","2"
"1902039","19","39","2"
"1902045","19","45","2"
"1902051","19","51","2"
"1902053","19","53","2"
"1902057","19","57","2"
"1902087","19","87","2"
"1902099","19","99","2"
"1902101","19","101","2"
"1902103","19","103","2"
"1902107","19","107","2"
"1902111","19","111","2"
"1902115","19","115","2"
"1902117","19","117","2"
"1902123","19","123","2"
"1902125","19","125","2"
"1902135","19","135","2"
"1902139","19","139","2"
"1902163","19","163","2"
"1902177","19","177","2"
"1902179","19","179","2"
"1902183","19","183","2"
"1902185","19","185","2"
"1903001","19","1","3"
"1903003","19","3","3"
"1903029","19","29","3"
"1903049","19","49","3"
"1903071","19","71","3"
"1903077","19","77","3"
"1903121","19","121","3"
"1903129","19","129","3"
"1903137","19","137","3"
"1903145","19","145","3"
"1903153","19","153","3"
"1903155","19","155","3"
"1903159","19","159","3"
"1903173","19","173","3"
"1903175","19","175","3"
"1903181","19","181","3"
"1904009","19","9","4"
"1904015","19","15","4"
"1904021","19","21","4"
"1904023","19","23","4"
"1904025","19","25","4"
"1904027","19","27","4"
"1904033","19","33","4"
"1904035","19","35","4"
"1904037","19","37","4"
"1904041","19","41","4"
"1904047","19","47","4"
"1904059","19","59","4"
"1904063","19","63","4"
"1904067","19","67","4"
"1904069","19","69","4"
"1904073","19","73","4"
"1904075","19","75","4"
"1904079","19","79","4"
"1904081","19","81","4"
"1904083","19","83","4"
"1904085","19","85","4"
"1904091","19","91","4"
"1904093","19","93","4"
"1904109","19","109","4"
"1904119","19","119","4"
"1904133","19","133","4"
"1904141","19","141","4"
"1904143","19","143","4"
"1904147","19","147","4"
"1904149","19","149","4"
"1904151","19","151","4"
"1904161","19","161","4"
"1904165","19","165","4"
"1904167","19","167","4"
"1904169","19","169","4"
"1904187","19","187","4"
"1904189","19","189","4"
"1904193","19","193","4"
"1904197","19","197","4"
"2001009","20","9","1"
"2001017","20","17","1"
"2001023","20","23","1"
"2001025","20","25","1"
"2001027","20","27","1"
"2001029","20","29","1"
"2001039","20","39","1"
"2001041","20","41","1"
"2001051","20","51","1"
"2001053","20","53","1"
"2001055","20","55","1"
"2001057","20","57","1"
"2001061","20","61","1"
"2001063","20","63","1"
"2001065","20","65","1"
"2001067","20","67","1"
"2001069","20","69","1"
"2001071","20","71","1"
"2001075","20","75","1"
"2001081","20","81","1"
"2001083","20","83","1"
"2001089","20","89","1"
"2001093","20","93","1"
"2001101","20","101","1"
"2001105","20","105","1"
"2001109","20","109","1"
"2001111","20","111","1"
"2001113","20","113","1"
"2001115","20","115","1"
"2001117","20","117","1"
"2001119","20","119","1"
"2001123","20","123","1"
"2001127","20","127","1"
"2001129","20","129","1"
"2001135","20","135","1"
"2001137","20","137","1"
"2001141","20","141","1"
"2001143","20","143","1"
"2001145","20","145","1"
"2001147","20","147","1"
"2001149","20","149","1"
"2001153","20","153","1"
"2001155","20","155","1"
"2001157","20","157","1"
"2001159","20","159","1"
"2001161","20","161","1"
"2001163","20","163","1"
"2001165","20","165","1"
"2001167","20","167","1"
"2001169","20","169","1"
"2001171","20","171","1"
"2001175","20","175","1"
"2001179","20","179","1"
"2001181","20","181","1"
"2001183","20","183","1"
"2001187","20","187","1"
"2001189","20","189","1"
"2001193","20","193","1"
"2001195","20","195","1"
"2001197","20","197","1"
"2001199","20","199","1"
"2001201","20","201","1"
"2001203","20","203","1"
"2002001","20","1","2"
"2002003","20","3","2"
"2002005","20","5","2"
"2002011","20","11","2"
"2002013","20","13","2"
"2002021","20","21","2"
"2002031","20","31","2"
"2002037","20","37","2"
"2002043","20","43","2"
"2002045","20","45","2"
"2002059","20","59","2"
"2002085","20","85","2"
"2002087","20","87","2"
"2002099","20","99","2"
"2002103","20","103","2"
"2002107","20","107","2"
"2002117","20","117","2"
"2002121","20","121","2"
"2002125","20","125","2"
"2002131","20","131","2"
"2002133","20","133","2"
"2002139","20","139","2"
"2002177","20","177","2"
"2002205","20","205","2"
"2002207","20","207","2"
"2003091","20","91","3"
"2003121","20","121","3"
"2003209","20","209","3"
"2004007","20","7","4"
"2004015","20","15","4"
"2004019","20","19","4"
"2004033","20","33","4"
"2004035","20","35","4"
"2004047","20","47","4"
"2004049","20","49","4"
"2004073","20","73","4"
"2004077","20","77","4"
"2004079","20","79","4"
"2004095","20","95","4"
"2004097","20","97","4"
"2004145","20","145","4"
"2004151","20","151","4"
"2004173","20","173","4"
"2004185","20","185","4"
"2004191","20","191","4"
"2101001","21","1","1"
"2101003","21","3","1"
"2101007","21","7","1"
"2101033","21","33","1"
"2101035","21","35","1"
"2101039","21","39","1"
"2101045","21","45","1"
"2101047","21","47","1"
"2101053","21","53","1"
"2101055","21","55","1"
"2101057","21","57","1"
"2101075","21","75","1"
"2101083","21","83","1"
"2101101","21","101","1"
"2101105","21","105","1"
"2101107","21","107","1"
"2101139","21","139","1"
"2101141","21","141","1"
"2101143","21","143","1"
"2101145","21","145","1"
"2101149","21","149","1"
"2101155","21","155","1"
"2101157","21","157","1"
"2101169","21","169","1"
"2101171","21","171","1"
"2101177","21","177","1"
"2101183","21","183","1"
"2101207","21","207","1"
"2101213","21","213","1"
"2101217","21","217","1"
"2101219","21","219","1"
"2101221","21","221","1"
"2101225","21","225","1"
"2101229","21","229","1"
"2101233","21","233","1"
"2102009","21","9","2"
"2102021","21","21","2"
"2102027","21","27","2"
"2102029","21","29","2"
"2102031","21","31","2"
"2102059","21","59","2"
"2102061","21","61","2"
"2102079","21","79","2"
"2102085","21","85","2"
"2102087","21","87","2"
"2102091","21","91","2"
"2102093","21","93","2"
"2102099","21","99","2"
"2102113","21","113","2"
"2102123","21","123","2"
"2102163","21","163","2"
"2102167","21","167","2"
"2102179","21","179","2"
"2102215","21","215","2"
"2102227","21","227","2"
"2102229","21","229","2"
"2103111","21","111","3"
"2104015","21","15","4"
"2104019","21","19","4"
"2104023","21","23","4"
"2104037","21","37","4"
"2104041","21","41","4"
"2104077","21","77","4"
"2104081","21","81","4"
"2104089","21","89","4"
"2104097","21","97","4"
"2104103","21","103","4"
"2104111","21","111","4"
"2104117","21","117","4"
"2104135","21","135","4"
"2104161","21","161","4"
"2104185","21","185","4"
"2104187","21","187","4"
"2104191","21","191","4"
"2104211","21","211","4"
"2104215","21","215","4"
"2104223","21","223","4"
"2105013","21","13","5"
"2105019","21","19","5"
"2105025","21","25","5"
"2105043","21","43","5"
"2105051","21","51","5"
"2105063","21","63","5"
"2105071","21","71","5"
"2105095","21","95","5"
"2105109","21","109","5"
"2105115","21","115","5"
"2105119","21","119","5"
"2105121","21","121","5"
"2105125","21","125","5"
"2105127","21","127","5"
"2105129","21","129","5"
"2105131","21","131","5"
"2105133","21","133","5"
"2105137","21","137","5"
"2105147","21","147","5"
"2105153","21","153","5"
"2105159","21","159","5"
"2105175","21","175","5"
"2105189","21","189","5"
"2105193","21","193","5"
"2105195","21","195","5"
"2105199","21","199","5"
"2105203","21","203","5"
"2105205","21","205","5"
"2105231","21","231","5"
"2105235","21","235","5"
"2106005","21","5","6"
"2106011","21","11","6"
"2106017","21","17","6"
"2106049","21","49","6"
"2106065","21","65","6"
"2106067","21","67","6"
"2106069","21","69","6"
"2106073","21","73","6"
"2106097","21","97","6"
"2106113","21","113","6"
"2106151","21","151","6"
"2106165","21","165","6"
"2106173","21","173","6"
"2106181","21","181","6"
"2106197","21","197","6"
"2106201","21","201","6"
"2106209","21","209","6"
"2106237","21","237","6"
"2106239","21","239","6"
"2201051","22","51","1"
"2201057","22","57","1"
"2201071","22","71","1"
"2201075","22","75","1"
"2201087","22","87","1"
"2201103","22","103","1"
"2201105","22","105","1"
"2201109","22","109","1"
"2202005","22","5","2"
"2202007","22","7","2"
"2202033","22","33","2"
"2202047","22","47","2"
"2202051","22","51","2"
"2202071","22","71","2"
"2202089","22","89","2"
"2202093","22","93","2"
"2202095","22","95","2"
"2202121","22","121","2"
"2203001","22","1","3"
"2203019","22","19","3"
"2203023","22","23","3"
"2203045","22","45","3"
"2203053","22","53","3"
"2203055","22","55","3"
"2203097","22","97","3"
"2203099","22","99","3"
"2203101","22","101","3"
"2203113","22","113","3"
"2204003","22","3","4"
"2204011","22","11","4"
"2204013","22","13","4"
"2204015","22","15","4"
"2204017","22","17","4"
"2204027","22","27","4"
"2204031","22","31","4"
"2204039","22","39","4"
"2204069","22","69","4"
"2204081","22","81","4"
"2204085","22","85","4"
"2204097","22","97","4"
"2204111","22","111","4"
"2204115","22","115","4"
"2204119","22","119","4"
"2205009","22","9","5"
"2205021","22","21","5"
"2205025","22","25","5"
"2205029","22","29","5"
"2205035","22","35","5"
"2205037","22","37","5"
"2205041","22","41","5"
"2205043","22","43","5"
"2205049","22","49","5"
"2205059","22","59","5"
"2205061","22","61","5"
"2205065","22","65","5"
"2205067","22","67","5"
"2205073","22","73","5"
"2205079","22","79","5"
"2205083","22","83","5"
"2205091","22","91","5"
"2205097","22","97","5"
"2205105","22","105","5"
"2205107","22","107","5"
"2205117","22","117","5"
"2205123","22","123","5"
"2205125","22","125","5"
"2205127","22","127","5"
"2206005","22","5","6"
"2206007","22","7","6"
"2206033","22","33","6"
"2206037","22","37","6"
"2206047","22","47","6"
"2206057","22","57","6"
"2206063","22","63","6"
"2206077","22","77","6"
"2206089","22","89","6"
"2206091","22","91","6"
"2206095","22","95","6"
"2206109","22","109","6"
"2206121","22","121","6"
"2301005","23","5","1"
"2301011","23","11","1"
"2301013","23","13","1"
"2301015","23","15","1"
"2301023","23","23","1"
"2301031","23","31","1"
"2302001","23","1","2"
"2302003","23","3","2"
"2302007","23","7","2"
"2302009","23","9","2"
"2302011","23","11","2"
"2302017","23","17","2"
"2302019","23","19","2"
"2302021","23","21","2"
"2302025","23","25","2"
"2302027","23","27","2"
"2302029","23","29","2"
"2401005","24","5","1"
"2401011","24","11","1"
"2401013","24","13","1"
"2401015","24","15","1"
"2401019","24","19","1"
"2401025","24","25","1"
"2401029","24","29","1"
"2401035","24","35","1"
"2401039","24","39","1"
"2401041","24","41","1"
"2401045","24","45","1"
"2401047","24","47","1"
"2402003","24","3","2"
"2402005","24","5","2"
"2402025","24","25","2"
"2402027","24","27","2"
"2402510","24","510","2"
"2403003","24","3","3"
"2403005","24","5","3"
"2403027","24","27","3"
"2403031","24","31","3"
"2403510","24","510","3"
"2404003","24","3","4"
"2404033","24","33","4"
"2405003","24","3","5"
"2405009","24","9","5"
"2405017","24","17","5"
"2405033","24","33","5"
"2405037","24","37","5"
"2406001","24","1","6"
"2406021","24","21","6"
"2406023","24","23","6"
"2406031","24","31","6"
"2406043","24","43","6"
"2407005","24","5","7"
"2407027","24","27","7"
"2407510","24","510","7"
"2408013","24","13","8"
"2408021","24","21","8"
"2408031","24","31","8"
"2501003","25","3","1"
"2501011","25","11","1"
"2501013","25","13","1"
"2501015","25","15","1"
"2501027","25","27","1"
"2502011","25","11","2"
"2502013","25","13","2"
"2502015","25","15","2"
"2502021","25","21","2"
"2502027","25","27","2"
"2503009","25","9","3"
"2503017","25","17","3"
"2503027","25","27","3"
"2504005","25","5","4"
"2504017","25","17","4"
"2504021","25","21","4"
"2504023","25","23","4"
"2504027","25","27","4"
"2505017","25","17","5"
"2505025","25","25","5"
"2505027","25","27","5"
"2506009","25","9","6"
"2506017","25","17","6"
"2507017","25","17","7"
"2507021","25","21","7"
"2507025","25","25","7"
"2508005","25","5","8"
"2508021","25","21","8"
"2508023","25","23","8"
"2508025","25","25","8"
"2509001","25","1","9"
"2509005","25","5","9"
"2509007","25","7","9"
"2509019","25","19","9"
"2509023","25","23","9"
"2601001","26","1","1"
"2601003","26","3","1"
"2601007","26","7","1"
"2601009","26","9","1"
"2601013","26","13","1"
"2601019","26","19","1"
"2601029","26","29","1"
"2601031","26","31","1"
"2601033","26","33","1"
"2601039","26","39","1"
"2601041","26","41","1"
"2601043","26","43","1"
"2601047","26","47","1"
"2601053","26","53","1"
"2601055","26","55","1"
"2601061","26","61","1"
"2601071","26","71","1"
"2601079","26","79","1"
"2601083","26","83","1"
"2601089","26","89","1"
"2601095","26","95","1"
"2601097","26","97","1"
"2601101","26","101","1"
"2601103","26","103","1"
"2601105","26","105","1"
"2601109","26","109","1"
"2601119","26","119","1"
"2601131","26","131","1"
"2601135","26","135","1"
"2601137","26","137","1"
"2601141","26","141","1"
"2601153","26","153","1"
"2602005","26","5","2"
"2602081","26","81","2"
"2602085","26","85","2"
"2602105","26","105","2"
"2602121","26","121","2"
"2602123","26","123","2"
"2602127","26","127","2"
"2602139","26","139","2"
"2603015","26","15","3"
"2603025","26","25","3"
"2603067","26","67","3"
"2603081","26","81","3"
"2603117","26","117","3"
"2604035","26","35","4"
"2604037","26","37","4"
"2604051","26","51","4"
"2604057","26","57","4"
"2604073","26","73","4"
"2604107","26","107","4"
"2604111","26","111","4"
"2604113","26","113","4"
"2604117","26","117","4"
"2604129","26","129","4"
"2604133","26","133","4"
"2604143","26","143","4"
"2604145","26","145","4"
"2604155","26","155","4"
"2604165","26","165","4"
"2605011","26","11","5"
"2605017","26","17","5"
"2605049","26","49","5"
"2605069","26","69","5"
"2605145","26","145","5"
"2605157","26","157","5"
"2606005","26","5","6"
"2606021","26","21","6"
"2606027","26","27","6"
"2606077","26","77","6"
"2606149","26","149","6"
"2606159","26","159","6"
"2607023","26","23","7"
"2607045","26","45","7"
"2607059","26","59","7"
"2607075","26","75","7"
"2607091","26","91","7"
"2607115","26","115","7"
"2607161","26","161","7"
"2608065","26","65","8"
"2608093","26","93","8"
"2608125","26","125","8"
"2609099","26","99","9"
"2609125","26","125","9"
"2610063","26","63","10"
"2610087","26","87","10"
"2610099","26","99","10"
"2610147","26","147","10"
"2610151","26","151","10"
"2610157","26","157","10"
"2611125","26","125","11"
"2611163","26","163","11"
"2612161","26","161","12"
"2612163","26","163","12"
"2613163","26","163","13"
"2614125","26","125","14"
"2614163","26","163","14"
"2701013","27","13","1"
"2701015","27","15","1"
"2701033","27","33","1"
"2701039","27","39","1"
"2701043","27","43","1"
"2701045","27","45","1"
"2701047","27","47","1"
"2701055","27","55","1"
"2701063","27","63","1"
"2701079","27","79","1"
"2701091","27","91","1"
"2701099","27","99","1"
"2701103","27","103","1"
"2701105","27","105","1"
"2701109","27","109","1"
"2701131","27","131","1"
"2701133","27","133","1"
"2701147","27","147","1"
"2701161","27","161","1"
"2701165","27","165","1"
"2701169","27","169","1"
"2702037","27","37","2"
"2702049","27","49","2"
"2702131","27","131","2"
"2702139","27","139","2"
"2702157","27","157","2"
"2702163","27","163","2"
"2703003","27","3","3"
"2703019","27","19","3"
"2703053","27","53","3"
"2704123","27","123","4"
"2704163","27","163","4"
"2705003","27","3","5"
"2705053","27","53","5"
"2705123","27","123","5"
"2706003","27","3","6"
"2706009","27","9","6"
"2706019","27","19","6"
"2706053","27","53","6"
"2706141","27","141","6"
"2706145","27","145","6"
"2706163","27","163","6"
"2706171","27","171","6"
"2707005","27","5","7"
"2707007","27","7","7"
"2707011","27","11","7"
"2707023","27","23","7"
"2707027","27","27","7"
"2707029","27","29","7"
"2707033","27","33","7"
"2707041","27","41","7"
"2707051","27","51","7"
"2707067","27","67","7"
"2707069","27","69","7"
"2707073","27","73","7"
"2707077","27","77","7"
"2707081","27","81","7"
"2707083","27","83","7"
"2707085","27","85","7"
"2707087","27","87","7"
"2707089","27","89","7"
"2707093","27","93","7"
"2707101","27","101","7"
"2707107","27","107","7"
"2707111","27","111","7"
"2707113","27","113","7"
"2707117","27","117","7"
"2707119","27","119","7"
"2707121","27","121","7"
"2707125","27","125","7"
"2707127","27","127","7"
"2707129","27","129","7"
"2707135","27","135","7"
"2707143","27","143","7"
"2707145","27","145","7"
"2707149","27","149","7"
"2707151","27","151","7"
"2707153","27","153","7"
"2707155","27","155","7"
"2707167","27","167","7"
"2707173","27","173","7"
"2708001","27","1","8"
"2708007","27","7","8"
"2708017","27","17","8"
"2708021","27","21","8"
"2708025","27","25","8"
"2708031","27","31","8"
"2708035","27","35","8"
"2708057","27","57","8"
"2708059","27","59","8"
"2708061","27","61","8"
"2708065","27","65","8"
"2708071","27","71","8"
"2708075","27","75","8"
"2708095","27","95","8"
"2708097","27","97","8"
"2708115","27","115","8"
"2708137","27","137","8"
"2708159","27","159","8"
"2801003","28","3","1"
"2801009","28","9","1"
"2801013","28","13","1"
"2801017","28","17","1"
"2801019","28","19","1"
"2801025","28","25","1"
"2801033","28","33","1"
"2801057","28","57","1"
"2801071","28","71","1"
"2801081","28","81","1"
"2801087","28","87","1"
"2801093","28","93","1"
"2801095","28","95","1"
"2801105","28","105","1"
"2801115","28","115","1"
"2801117","28","117","1"
"2801137","28","137","1"
"2801139","28","139","1"
"2801141","28","141","1"
"2801145","28","145","1"
"2801155","28","155","1"
"2801159","28","159","1"
"2802007","28","7","2"
"2802011","28","11","2"
"2802015","28","15","2"
"2802021","28","21","2"
"2802027","28","27","2"
"2802029","28","29","2"
"2802043","28","43","2"
"2802049","28","49","2"
"2802051","28","51","2"
"2802053","28","53","2"
"2802055","28","55","2"
"2802063","28","63","2"
"2802079","28","79","2"
"2802083","28","83","2"
"2802089","28","89","2"
"2802097","28","97","2"
"2802107","28","107","2"
"2802119","28","119","2"
"2802125","28","125","2"
"2802133","28","133","2"
"2802135","28","135","2"
"2802143","28","143","2"
"2802149","28","149","2"
"2802151","28","151","2"
"2802161","28","161","2"
"2802163","28","163","2"
"2803001","28","1","3"
"2803005","28","5","3"
"2803023","28","23","3"
"2803031","28","31","3"
"2803037","28","37","3"
"2803049","28","49","3"
"2803061","28","61","3"
"2803065","28","65","3"
"2803069","28","69","3"
"2803075","28","75","3"
"2803077","28","77","3"
"2803085","28","85","3"
"2803089","28","89","3"
"2803099","28","99","3"
"2803101","28","101","3"
"2803103","28","103","3"
"2803105","28","105","3"
"2803113","28","113","3"
"2803121","28","121","3"
"2803123","28","123","3"
"2803127","28","127","3"
"2803129","28","129","3"
"2803147","28","147","3"
"2803157","28","157","3"
"2804023","28","23","4"
"2804035","28","35","4"
"2804039","28","39","4"
"2804041","28","41","4"
"2804045","28","45","4"
"2804047","28","47","4"
"2804059","28","59","4"
"2804067","28","67","4"
"2804073","28","73","4"
"2804091","28","91","4"
"2804109","28","109","4"
"2804111","28","111","4"
"2804131","28","131","4"
"2804153","28","153","4"
"2901189","29","189","1"
"2901510","29","510","1"
"2902099","29","99","2"
"2902183","29","183","2"
"2902189","29","189","2"
"2903027","29","27","3"
"2903029","29","29","3"
"2903051","29","51","3"
"2903071","29","71","3"
"2903073","29","73","3"
"2903099","29","99","3"
"2903113","29","113","3"
"2903125","29","125","3"
"2903131","29","131","3"
"2903139","29","139","3"
"2903151","29","151","3"
"2903183","29","183","3"
"2903219","29","219","3"
"2904007","29","7","4"
"2904011","29","11","4"
"2904013","29","13","4"
"2904015","29","15","4"
"2904019","29","19","4"
"2904029","29","29","4"
"2904037","29","37","4"
"2904039","29","39","4"
"2904053","29","53","4"
"2904057","29","57","4"
"2904059","29","59","4"
"2904083","29","83","4"
"2904085","29","85","4"
"2904089","29","89","4"
"2904101","29","101","4"
"2904105","29","105","4"
"2904135","29","135","4"
"2904141","29","141","4"
"2904159","29","159","4"
"2904169","29","169","4"
"2904175","29","175","4"
"2904185","29","185","4"
"2904217","29","217","4"
"2904225","29","225","4"
"2905047","29","47","5"
"2905095","29","95","5"
"2905107","29","107","5"
"2905177","29","177","5"
"2905195","29","195","5"
"2906001","29","1","6"
"2906003","29","3","6"
"2906005","29","5","6"
"2906007","29","7","6"
"2906021","29","21","6"
"2906025","29","25","6"
"2906033","29","33","6"
"2906041","29","41","6"
"2906045","29","45","6"
"2906047","29","47","6"
"2906049","29","49","6"
"2906061","29","61","6"
"2906063","29","63","6"
"2906075","29","75","6"
"2906079","29","79","6"
"2906081","29","81","6"
"2906087","29","87","6"
"2906095","29","95","6"
"2906103","29","103","6"
"2906111","29","111","6"
"2906115","29","115","6"
"2906117","29","117","6"
"2906121","29","121","6"
"2906127","29","127","6"
"2906129","29","129","6"
"2906137","29","137","6"
"2906147","29","147","6"
"2906163","29","163","6"
"2906165","29","165","6"
"2906171","29","171","6"
"2906173","29","173","6"
"2906197","29","197","6"
"2906199","29","199","6"
"2906205","29","205","6"
"2906211","29","211","6"
"2906227","29","227","6"
"2907009","29","9","7"
"2907043","29","43","7"
"2907077","29","77","7"
"2907097","29","97","7"
"2907109","29","109","7"
"2907119","29","119","7"
"2907145","29","145","7"
"2907167","29","167","7"
"2907209","29","209","7"
"2907213","29","213","7"
"2907225","29","225","7"
"2908017","29","17","8"
"2908023","29","23","8"
"2908031","29","31","8"
"2908035","29","35","8"
"2908055","29","55","8"
"2908065","29","65","8"
"2908067","29","67","8"
"2908069","29","69","8"
"2908091","29","91","8"
"2908093","29","93","8"
"2908099","29","99","8"
"2908123","29","123","8"
"2908133","29","133","8"
"2908143","29","143","8"
"2908149","29","149","8"
"2908153","29","153","8"
"2908155","29","155","8"
"2908157","29","157","8"
"2908161","29","161","8"
"2908179","29","179","8"
"2908181","29","181","8"
"2908186","29","186","8"
"2908187","29","187","8"
"2908201","29","201","8"
"2908203","29","203","8"
"2908207","29","207","8"
"2908215","29","215","8"
"2908221","29","221","8"
"2908223","29","223","8"
"2908229","29","229","8"
"3000001","30","1","0"
"3000003","30","3","0"
"3000005","30","5","0"
"3000007","30","7","0"
"3000009","30","9","0"
"3000011","30","11","0"
"3000013","30","13","0"
"3000015","30","15","0"
"3000017","30","17","0"
"3000019","30","19","0"
"3000021","30","21","0"
"3000023","30","23","0"
"3000025","30","25","0"
"3000027","30","27","0"
"3000029","30","29","0"
"3000031","30","31","0"
"3000033","30","33","0"
"3000035","30","35","0"
"3000037","30","37","0"
"3000039","30","39","0"
"3000041","30","41","0"
"3000043","30","43","0"
"3000045","30","45","0"
"3000047","30","47","0"
"3000049","30","49","0"
"3000051","30","51","0"
"3000053","30","53","0"
"3000055","30","55","0"
"3000057","30","57","0"
"3000059","30","59","0"
"3000061","30","61","0"
"3000063","30","63","0"
"3000065","30","65","0"
"3000067","30","67","0"
"3000069","30","69","0"
"3000071","30","71","0"
"3000073","30","73","0"
"3000075","30","75","0"
"3000077","30","77","0"
"3000079","30","79","0"
"3000081","30","81","0"
"3000083","30","83","0"
"3000085","30","85","0"
"3000087","30","87","0"
"3000089","30","89","0"
"3000091","30","91","0"
"3000093","30","93","0"
"3000095","30","95","0"
"3000097","30","97","0"
"3000099","30","99","0"
"3000101","30","101","0"
"3000103","30","103","0"
"3000105","30","105","0"
"3000107","30","107","0"
"3000109","30","109","0"
"3000111","30","111","0"
"3101021","31","21","1"
"3101023","31","23","1"
"3101025","31","25","1"
"3101037","31","37","1"
"3101039","31","39","1"
"3101051","31","51","1"
"3101053","31","53","1"
"3101109","31","109","1"
"3101119","31","119","1"
"3101131","31","131","1"
"3101141","31","141","1"
"3101143","31","143","1"
"3101153","31","153","1"
"3101155","31","155","1"
"3101159","31","159","1"
"3101167","31","167","1"
"3101173","31","173","1"
"3101177","31","177","1"
"3102055","31","55","2"
"3102153","31","153","2"
"3103001","31","1","3"
"3103003","31","3","3"
"3103005","31","5","3"
"3103007","31","7","3"
"3103009","31","9","3"
"3103011","31","11","3"
"3103013","31","13","3"
"3103015","31","15","3"
"3103017","31","17","3"
"3103019","31","19","3"
"3103027","31","27","3"
"3103029","31","29","3"
"3103031","31","31","3"
"3103033","31","33","3"
"3103035","31","35","3"
"3103041","31","41","3"
"3103043","31","43","3"
"3103045","31","45","3"
"3103047","31","47","3"
"3103049","31","49","3"
"3103051","31","51","3"
"3103057","31","57","3"
"3103059","31","59","3"
"3103061","31","61","3"
"3103063","31","63","3"
"3103065","31","65","3"
"3103067","31","67","3"
"3103069","31","69","3"
"3103071","31","71","3"
"3103073","31","73","3"
"3103075","31","75","3"
"3103077","31","77","3"
"3103079","31","79","3"
"3103081","31","81","3"
"3103083","31","83","3"
"3103085","31","85","3"
"3103087","31","87","3"
"3103089","31","89","3"
"3103091","31","91","3"
"3103093","31","93","3"
"3103095","31","95","3"
"3103097","31","97","3"
"3103099","31","99","3"
"3103101","31","101","3"
"3103103","31","103","3"
"3103105","31","105","3"
"3103107","31","107","3"
"3103111","31","111","3"
"3103113","31","113","3"
"3103115","31","115","3"
"3103117","31","117","3"
"3103121","31","121","3"
"3103123","31","123","3"
"3103125","31","125","3"
"3103127","31","127","3"
"3103129","31","129","3"
"3103133","31","133","3"
"3103135","31","135","3"
"3103137","31","137","3"
"3103139","31","139","3"
"3103145","31","145","3"
"3103147","31","147","3"
"3103149","31","149","3"
"3103151","31","151","3"
"3103157","31","157","3"
"3103161","31","161","3"
"3103163","31","163","3"
"3103165","31","165","3"
"3103169","31","169","3"
"3103171","31","171","3"
"3103175","31","175","3"
"3103179","31","179","3"
"3103181","31","181","3"
"3103183","31","183","3"
"3103185","31","185","3"
"3201003","32","3","1"
"3202001","32","1","2"
"3202005","32","5","2"
"3202007","32","7","2"
"3202011","32","11","2"
"3202013","32","13","2"
"3202015","32","15","2"
"3202019","32","19","2"
"3202027","32","27","2"
"3202029","32","29","2"
"3202031","32","31","2"
"3202510","32","510","2"
"3203003","32","3","3"
"3204003","32","3","4"
"3204009","32","9","4"
"3204017","32","17","4"
"3204019","32","19","4"
"3204021","32","21","4"
"3204023","32","23","4"
"3204033","32","33","4"
"3301001","33","1","1"
"3301003","33","3","1"
"3301009","33","9","1"
"3301011","33","11","1"
"3301013","33","13","1"
"3301015","33","15","1"
"3301017","33","17","1"
"3302001","33","1","2"
"3302005","33","5","2"
"3302007","33","7","2"
"3302009","33","9","2"
"3302011","33","11","2"
"3302013","33","13","2"
"3302015","33","15","2"
"3302019","33","19","2"
"3401005","34","5","1"
"3401007","34","7","1"
"3401015","34","15","1"
"3402001","34","1","2"
"3402005","34","5","2"
"3402007","34","7","2"
"3402009","34","9","2"
"3402011","34","11","2"
"3402015","34","15","2"
"3402029","34","29","2"
"3402033","34","33","2"
"3403005","34","5","3"
"3403029","34","29","3"
"3404021","34","21","4"
"3404025","34","25","4"
"3404029","34","29","4"
"3405003","34","3","5"
"3405031","34","31","5"
"3405037","34","37","5"
"3405041","34","41","5"
"3406023","34","23","6"
"3406025","34","25","6"
"3407013","34","13","7"
"3407019","34","19","7"
"3407027","34","27","7"
"3407035","34","35","7"
"3407039","34","39","7"
"3407041","34","41","7"
"3408003","34","3","8"
"3408013","34","13","8"
"3408017","34","17","8"
"3408039","34","39","8"
"3409003","34","3","9"
"3409017","34","17","9"
"3409031","34","31","9"
"3410013","34","13","10"
"3410017","34","17","10"
"3410039","34","39","10"
"3411013","34","13","11"
"3411027","34","27","11"
"3411031","34","31","11"
"3411037","34","37","11"
"3412021","34","21","12"
"3412023","34","23","12"
"3412035","34","35","12"
"3412039","34","39","12"
"3501001","35","1","1"
"3501043","35","43","1"
"3501049","35","49","1"
"3501057","35","57","1"
"3501061","35","61","1"
"3502001","35","1","2"
"3502003","35","3","2"
"3502005","35","5","2"
"3502006","35","6","2"
"3502011","35","11","2"
"3502013","35","13","2"
"3502015","35","15","2"
"3502017","35","17","2"
"3502019","35","19","2"
"3502023","35","23","2"
"3502025","35","25","2"
"3502027","35","27","2"
"3502029","35","29","2"
"3502031","35","31","2"
"3502035","35","35","2"
"3502041","35","41","2"
"3502051","35","51","2"
"3502053","35","53","2"
"3502061","35","61","2"
"3503001","35","1","3"
"3503007","35","7","3"
"3503009","35","9","3"
"3503021","35","21","3"
"3503028","35","28","3"
"3503031","35","31","3"
"3503033","35","33","3"
"3503037","35","37","3"
"3503039","35","39","3"
"3503041","35","41","3"
"3503043","35","43","3"
"3503045","35","45","3"
"3503047","35","47","3"
"3503049","35","49","3"
"3503055","35","55","3"
"3503059","35","59","3"
"3601103","36","103","1"
"3602059","36","59","2"
"3602103","36","103","2"
"3603059","36","59","3"
"3603081","36","81","3"
"3603103","36","103","3"
"3604059","36","59","4"
"3605059","36","59","5"
"3605081","36","81","5"
"3606081","36","81","6"
"3607047","36","47","7"
"3607061","36","61","7"
"3607081","36","81","7"
"3608047","36","47","8"
"3608081","36","81","8"
"3609047","36","47","9"
"3610047","36","47","10"
"3610061","36","61","10"
"3611047","36","47","11"
"3611085","36","85","11"
"3612047","36","47","12"
"3612061","36","61","12"
"3612081","36","81","12"
"3613005","36","5","13"
"3613061","36","61","13"
"3614005","36","5","14"
"3614081","36","81","14"
"3615005","36","5","15"
"3616005","36","5","16"
"3616119","36","119","16"
"3617087","36","87","17"
"3617119","36","119","17"
"3618027","36","27","18"
"3618071","36","71","18"
"3618079","36","79","18"
"3618119","36","119","18"
"3619007","36","7","19"
"3619021","36","21","19"
"3619025","36","25","19"
"3619027","36","27","19"
"3619039","36","39","19"
"3619057","36","57","19"
"3619077","36","77","19"
"3619083","36","83","19"
"3619095","36","95","19"
"3619105","36","105","19"
"3619111","36","111","19"
"3620001","36","1","20"
"3620057","36","57","20"
"3620083","36","83","20"
"3620091","36","91","20"
"3620093","36","93","20"
"3621019","36","19","21"
"3621031","36","31","21"
"3621033","36","33","21"
"3621035","36","35","21"
"3621041","36","41","21"
"3621043","36","43","21"
"3621045","36","45","21"
"3621049","36","49","21"
"3621089","36","89","21"
"3621091","36","91","21"
"3621113","36","113","21"
"3621115","36","115","21"
"3622007","36","7","22"
"3622017","36","17","22"
"3622023","36","23","22"
"3622043","36","43","22"
"3622053","36","53","22"
"3622065","36","65","22"
"3622075","36","75","22"
"3622107","36","107","22"
"3623003","36","3","23"
"3623009","36","9","23"
"3623013","36","13","23"
"3623015","36","15","23"
"3623069","36","69","23"
"3623097","36","97","23"
"3623099","36","99","23"
"3623101","36","101","23"
"3623107","36","107","23"
"3623109","36","109","23"
"3623123","36","123","23"
"3624011","36","11","24"
"3624067","36","67","24"
"3624075","36","75","24"
"3624117","36","117","24"
"3625055","36","55","25"
"3626029","36","29","26"
"3626063","36","63","26"
"3627029","36","29","27"
"3627037","36","37","27"
"3627051","36","51","27"
"3627055","36","55","27"
"3627063","36","63","27"
"3627069","36","69","27"
"3627073","36","73","27"
"3627121","36","121","27"
"3701015","37","15","1"
"3701063","37","63","1"
"3701065","37","65","1"
"3701073","37","73","1"
"3701077","37","77","1"
"3701083","37","83","1"
"3701091","37","91","1"
"3701117","37","117","1"
"3701131","37","131","1"
"3701147","37","147","1"
"3701181","37","181","1"
"3701185","37","185","1"
"3701187","37","187","1"
"3701195","37","195","1"
"3702069","37","69","2"
"3702085","37","85","2"
"3702101","37","101","2"
"3702127","37","127","2"
"3702183","37","183","2"
"3702195","37","195","2"
"3703013","37","13","3"
"3703029","37","29","3"
"3703031","37","31","3"
"3703041","37","41","3"
"3703049","37","49","3"
"3703053","37","53","3"
"3703055","37","55","3"
"3703079","37","79","3"
"3703095","37","95","3"
"3703103","37","103","3"
"3703107","37","107","3"
"3703133","37","133","3"
"3703137","37","137","3"
"3703139","37","139","3"
"3703143","37","143","3"
"3703147","37","147","3"
"3703177","37","177","3"
"3704063","37","63","4"
"3704135","37","135","4"
"3704183","37","183","4"
"3705003","37","3","5"
"3705005","37","5","5"
"3705009","37","9","5"
"3705011","37","11","5"
"3705035","37","35","5"
"3705067","37","67","5"
"3705169","37","169","5"
"3705171","37","171","5"
"3705189","37","189","5"
"3705193","37","193","5"
"3705197","37","197","5"
"3706001","37","1","6"
"3706033","37","33","6"
"3706037","37","37","6"
"3706081","37","81","6"
"3706105","37","105","6"
"3706145","37","145","6"
"3706151","37","151","6"
"3706157","37","157","6"
"3707017","37","17","7"
"3707019","37","19","7"
"3707047","37","47","7"
"3707061","37","61","7"
"3707101","37","101","7"
"3707129","37","129","7"
"3707141","37","141","7"
"3707163","37","163","7"
"3707191","37","191","7"
"3708025","37","25","8"
"3708051","37","51","8"
"3708093","37","93","8"
"3708123","37","123","8"
"3708125","37","125","8"
"3708159","37","159","8"
"3708167","37","167","8"
"3709007","37","7","9"
"3709017","37","17","9"
"3709051","37","51","9"
"3709119","37","119","9"
"3709153","37","153","9"
"3709155","37","155","9"
"3709165","37","165","9"
"3709179","37","179","9"
"3710021","37","21","10"
"3710035","37","35","10"
"3710045","37","45","10"
"3710071","37","71","10"
"3710097","37","97","10"
"3710109","37","109","10"
"3710149","37","149","10"
"3710161","37","161","10"
"3711021","37","21","11"
"3711023","37","23","11"
"3711027","37","27","11"
"3711039","37","39","11"
"3711043","37","43","11"
"3711075","37","75","11"
"3711087","37","87","11"
"3711089","37","89","11"
"3711099","37","99","11"
"3711111","37","111","11"
"3711113","37","113","11"
"3711115","37","115","11"
"3711121","37","121","11"
"3711173","37","173","11"
"3711175","37","175","11"
"3711199","37","199","11"
"3712119","37","119","12"
"3713057","37","57","13"
"3713059","37","59","13"
"3713081","37","81","13"
"3713097","37","97","13"
"3713159","37","159","13"
"3800001","38","1","0"
"3800003","38","3","0"
"3800005","38","5","0"
"3800007","38","7","0"
"3800009","38","9","0"
"3800011","38","11","0"
"3800013","38","13","0"
"3800015","38","15","0"
"3800017","38","17","0"
"3800019","38","19","0"
"3800021","38","21","0"
"3800023","38","23","0"
"3800025","38","25","0"
"3800027","38","27","0"
"3800029","38","29","0"
"3800031","38","31","0"
"3800033","38","33","0"
"3800035","38","35","0"
"3800037","38","37","0"
"3800039","38","39","0"
"3800041","38","41","0"
"3800043","38","43","0"
"3800045","38","45","0"
"3800047","38","47","0"
"3800049","38","49","0"
"3800051","38","51","0"
"3800053","38","53","0"
"3800055","38","55","0"
"3800057","38","57","0"
"3800059","38","59","0"
"3800061","38","61","0"
"3800063","38","63","0"
"3800065","38","65","0"
"3800067","38","67","0"
"3800069","38","69","0"
"3800071","38","71","0"
"3800073","38","73","0"
"3800075","38","75","0"
"3800077","38","77","0"
"3800079","38","79","0"
"3800081","38","81","0"
"3800083","38","83","0"
"3800085","38","85","0"
"3800087","38","87","0"
"3800089","38","89","0"
"3800091","38","91","0"
"3800093","38","93","0"
"3800095","38","95","0"
"3800097","38","97","0"
"3800099","38","99","0"
"3800101","38","101","0"
"3800103","38","103","0"
"3800105","38","105","0"
"3901061","39","61","1"
"3901165","39","165","1"
"3902001","39","1","2"
"3902015","39","15","2"
"3902025","39","25","2"
"3902061","39","61","2"
"3902071","39","71","2"
"3902131","39","131","2"
"3902141","39","141","2"
"3902145","39","145","2"
"3903049","39","49","3"
"3904003","39","3","4"
"3904011","39","11","4"
"3904021","39","21","4"
"3904033","39","33","4"
"3904043","39","43","4"
"3904077","39","77","4"
"3904091","39","91","4"
"3904093","39","93","4"
"3904101","39","101","4"
"3904107","39","107","4"
"3904143","39","143","4"
"3904147","39","147","4"
"3904149","39","149","4"
"3904159","39","159","4"
"3905039","39","39","5"
"3905051","39","51","5"
"3905063","39","63","5"
"3905065","39","65","5"
"3905069","39","69","5"
"3905095","39","95","5"
"3905107","39","107","5"
"3905123","39","123","5"
"3905125","39","125","5"
"3905137","39","137","5"
"3905161","39","161","5"
"3905171","39","171","5"
"3905173","39","173","5"
"3905175","39","175","5"
"3906009","39","9","6"
"3906013","39","13","6"
"3906019","39","19","6"
"3906029","39","29","6"
"3906053","39","53","6"
"3906059","39","59","6"
"3906067","39","67","6"
"3906079","39","79","6"
"3906081","39","81","6"
"3906087","39","87","6"
"3906099","39","99","6"
"3906105","39","105","6"
"3906111","39","111","6"
"3906119","39","119","6"
"3906121","39","121","6"
"3906145","39","145","6"
"3906157","39","157","6"
"3906167","39","167","6"
"3907005","39","5","7"
"3907031","39","31","7"
"3907075","39","75","7"
"3907077","39","77","7"
"3907083","39","83","7"
"3907093","39","93","7"
"3907103","39","103","7"
"3907139","39","139","7"
"3907151","39","151","7"
"3907157","39","157","7"
"3908017","39","17","8"
"3908023","39","23","8"
"3908037","39","37","8"
"3908107","39","107","8"
"3908109","39","109","8"
"3908135","39","135","8"
"3909035","39","35","9"
"3909043","39","43","9"
"3909093","39","93","9"
"3909095","39","95","9"
"3909123","39","123","9"
"3910047","39","47","10"
"3910057","39","57","10"
"3910113","39","113","10"
"3911035","39","35","11"
"3911153","39","153","11"
"3912041","39","41","12"
"3912049","39","49","12"
"3912089","39","89","12"
"3912101","39","101","12"
"3912117","39","117","12"
"3912119","39","119","12"
"3912139","39","139","12"
"3913099","39","99","13"
"3913133","39","133","13"
"3913151","39","151","13"
"3913153","39","153","13"
"3913155","39","155","13"
"3914007","39","7","14"
"3914035","39","35","14"
"3914055","39","55","14"
"3914085","39","85","14"
"3914133","39","133","14"
"3914153","39","153","14"
"3914155","39","155","14"
"3915009","39","9","15"
"3915027","39","27","15"
"3915045","39","45","15"
"3915047","39","47","15"
"3915049","39","49","15"
"3915073","39","73","15"
"3915097","39","97","15"
"3915115","39","115","15"
"3915127","39","127","15"
"3915129","39","129","15"
"3915141","39","141","15"
"3915163","39","163","15"
"3916035","39","35","16"
"3916103","39","103","16"
"3916133","39","133","16"
"3916151","39","151","16"
"3916153","39","153","16"
"3916169","39","169","16"
"4001037","40","37","1"
"4001131","40","131","1"
"4001143","40","143","1"
"4001145","40","145","1"
"4001147","40","147","1"
"4002001","40","1","2"
"4002005","40","5","2"
"4002013","40","13","2"
"4002021","40","21","2"
"4002023","40","23","2"
"4002029","40","29","2"
"4002035","40","35","2"
"4002041","40","41","2"
"4002061","40","61","2"
"4002063","40","63","2"
"4002069","40","69","2"
"4002077","40","77","2"
"4002079","40","79","2"
"4002089","40","89","2"
"4002091","40","91","2"
"4002095","40","95","2"
"4002097","40","97","2"
"4002101","40","101","2"
"4002105","40","105","2"
"4002107","40","107","2"
"4002111","40","111","2"
"4002115","40","115","2"
"4002121","40","121","2"
"4002127","40","127","2"
"4002131","40","131","2"
"4002135","40","135","2"
"4003003","40","3","3"
"4003007","40","7","3"
"4003009","40","9","3"
"4003011","40","11","3"
"4003015","40","15","3"
"4003017","40","17","3"
"4003025","40","25","3"
"4003037","40","37","3"
"4003039","40","39","3"
"4003043","40","43","3"
"4003045","40","45","3"
"4003047","40","47","3"
"4003053","40","53","3"
"4003055","40","55","3"
"4003057","40","57","3"
"4003059","40","59","3"
"4003065","40","65","3"
"4003071","40","71","3"
"4003073","40","73","3"
"4003075","40","75","3"
"4003081","40","81","3"
"4003083","40","83","3"
"4003093","40","93","3"
"4003103","40","103","3"
"4003113","40","113","3"
"4003117","40","117","3"
"4003119","40","119","3"
"4003129","40","129","3"
"4003139","40","139","3"
"4003149","40","149","3"
"4003151","40","151","3"
"4003153","40","153","3"
"4004017","40","17","4"
"4004019","40","19","4"
"4004027","40","27","4"
"4004031","40","31","4"
"4004033","40","33","4"
"4004049","40","49","4"
"4004051","40","51","4"
"4004067","40","67","4"
"4004085","40","85","4"
"4004087","40","87","4"
"4004099","40","99","4"
"4004109","40","109","4"
"4004123","40","123","4"
"4004137","40","137","4"
"4004141","40","141","4"
"4005109","40","109","5"
"4005125","40","125","5"
"4005133","40","133","5"
"4101007","41","7","1"
"4101009","41","9","1"
"4101051","41","51","1"
"4101067","41","67","1"
"4101071","41","71","1"
"4102001","41","1","2"
"4102013","41","13","2"
"4102017","41","17","2"
"4102021","41","21","2"
"4102023","41","23","2"
"4102025","41","25","2"
"4102027","41","27","2"
"4102029","41","29","2"
"4102031","41","31","2"
"4102033","41","33","2"
"4102035","41","35","2"
"4102037","41","37","2"
"4102045","41","45","2"
"4102049","41","49","2"
"4102055","41","55","2"
"4102059","41","59","2"
"4102061","41","61","2"
"4102063","41","63","2"
"4102065","41","65","2"
"4102069","41","69","2"
"4103005","41","5","3"
"4103051","41","51","3"
"4104003","41","3","4"
"4104011","41","11","4"
"4104015","41","15","4"
"4104019","41","19","4"
"4104033","41","33","4"
"4104039","41","39","4"
"4104043","41","43","4"
"4105003","41","3","5"
"4105005","41","5","5"
"4105041","41","41","5"
"4105047","41","47","5"
"4105051","41","51","5"
"4105053","41","53","5"
"4105057","41","57","5"
"4201045","42","45","1"
"4201101","42","101","1"
"4202091","42","91","2"
"4202101","42","101","2"
"4203005","42","5","3"
"4203019","42","19","3"
"4203031","42","31","3"
"4203039","42","39","3"
"4203049","42","49","3"
"4203073","42","73","3"
"4203085","42","85","3"
"4204001","42","1","4"
"4204041","42","41","4"
"4204043","42","43","4"
"4204133","42","133","4"
"4205023","42","23","5"
"4205027","42","27","5"
"4205031","42","31","5"
"4205033","42","33","5"
"4205035","42","35","5"
"4205039","42","39","5"
"4205047","42","47","5"
"4205049","42","49","5"
"4205053","42","53","5"
"4205061","42","61","5"
"4205065","42","65","5"
"4205083","42","83","5"
"4205105","42","105","5"
"4205117","42","117","5"
"4205121","42","121","5"
"4205123","42","123","5"
"4206011","42","11","6"
"4206029","42","29","6"
"4206075","42","75","6"
"4206091","42","91","6"
"4207011","42","11","7"
"4207029","42","29","7"
"4207045","42","45","7"
"4207071","42","71","7"
"4207091","42","91","7"
"4208017","42","17","8"
"4208091","42","91","8"
"4209009","42","9","9"
"4209013","42","13","9"
"4209021","42","21","9"
"4209051","42","51","9"
"4209055","42","55","9"
"4209057","42","57","9"
"4209059","42","59","9"
"4209061","42","61","9"
"4209063","42","63","9"
"4209111","42","111","9"
"4209125","42","125","9"
"4209129","42","129","9"
"4210015","42","15","10"
"4210067","42","67","10"
"4210069","42","69","10"
"4210081","42","81","10"
"4210087","42","87","10"
"4210089","42","89","10"
"4210097","42","97","10"
"4210099","42","99","10"
"4210103","42","103","10"
"4210109","42","109","10"
"4210113","42","113","10"
"4210115","42","115","10"
"4210117","42","117","10"
"4210119","42","119","10"
"4210127","42","127","10"
"4211025","42","25","11"
"4211037","42","37","11"
"4211041","42","41","11"
"4211043","42","43","11"
"4211079","42","79","11"
"4211093","42","93","11"
"4211097","42","97","11"
"4211099","42","99","11"
"4211131","42","131","11"
"4212003","42","3","12"
"4212007","42","7","12"
"4212021","42","21","12"
"4212073","42","73","12"
"4212111","42","111","12"
"4212129","42","129","12"
"4213091","42","91","13"
"4213101","42","101","13"
"4214003","42","3","14"
"4214129","42","129","14"
"4215011","42","11","15"
"4215043","42","43","15"
"4215075","42","75","15"
"4215077","42","77","15"
"4215095","42","95","15"
"4216011","42","11","16"
"4216029","42","29","16"
"4216071","42","71","16"
"4217025","42","25","17"
"4217069","42","69","17"
"4217079","42","79","17"
"4217089","42","89","17"
"4217095","42","95","17"
"4217107","42","107","17"
"4218003","42","3","18"
"4218059","42","59","18"
"4218125","42","125","18"
"4218129","42","129","18"
"4401001","44","1","1"
"4401005","44","5","1"
"4401007","44","7","1"
"4402003","44","3","2"
"4402007","44","7","2"
"4402009","44","9","2"
"4501013","45","13","1"
"4501015","45","15","1"
"4501019","45","19","1"
"4501029","45","29","1"
"4501035","45","35","1"
"4502003","45","3","2"
"4502011","45","11","2"
"4502063","45","63","2"
"4502075","45","75","2"
"4502079","45","79","2"
"4503001","45","1","3"
"4503007","45","7","3"
"4503037","45","37","3"
"4503045","45","45","3"
"4503047","45","47","3"
"4503059","45","59","3"
"4503065","45","65","3"
"4503071","45","71","3"
"4503073","45","73","3"
"4503077","45","77","3"
"4503081","45","81","3"
"4504045","45","45","4"
"4504083","45","83","4"
"4505021","45","21","5"
"4505023","45","23","5"
"4505039","45","39","5"
"4505055","45","55","5"
"4505057","45","57","5"
"4505061","45","61","5"
"4505071","45","71","5"
"4505083","45","83","5"
"4505085","45","85","5"
"4505087","45","87","5"
"4505091","45","91","5"
"4506005","45","5","6"
"4506009","45","9","6"
"4506013","45","13","6"
"4506015","45","15","6"
"4506017","45","17","6"
"4506019","45","19","6"
"4506027","45","27","6"
"4506029","45","29","6"
"4506035","45","35","6"
"4506041","45","41","6"
"4506049","45","49","6"
"4506053","45","53","6"
"4506075","45","75","6"
"4506079","45","79","6"
"4506085","45","85","6"
"4506089","45","89","6"
"4507025","45","25","7"
"4507031","45","31","7"
"4507033","45","33","7"
"4507041","45","41","7"
"4507043","45","43","7"
"4507051","45","51","7"
"4507067","45","67","7"
"4507069","45","69","7"
"4600003","46","3","0"
"4600005","46","5","0"
"4600007","46","7","0"
"4600009","46","9","0"
"4600011","46","11","0"
"4600013","46","13","0"
"4600015","46","15","0"
"4600017","46","17","0"
"4600019","46","19","0"
"4600021","46","21","0"
"4600023","46","23","0"
"4600025","46","25","0"
"4600027","46","27","0"
"4600029","46","29","0"
"4600031","46","31","0"
"4600033","46","33","0"
"4600035","46","35","0"
"4600037","46","37","0"
"4600039","46","39","0"
"4600041","46","41","0"
"4600043","46","43","0"
"4600045","46","45","0"
"4600047","46","47","0"
"4600049","46","49","0"
"4600051","46","51","0"
"4600053","46","53","0"
"4600055","46","55","0"
"4600057","46","57","0"
"4600059","46","59","0"
"4600061","46","61","0"
"4600063","46","63","0"
"4600065","46","65","0"
"4600067","46","67","0"
"4600069","46","69","0"
"4600071","46","71","0"
"4600073","46","73","0"
"4600075","46","75","0"
"4600077","46","77","0"
"4600079","46","79","0"
"4600081","46","81","0"
"4600083","46","83","0"
"4600085","46","85","0"
"4600087","46","87","0"
"4600089","46","89","0"
"4600091","46","91","0"
"4600093","46","93","0"
"4600095","46","95","0"
"4600097","46","97","0"
"4600099","46","99","0"
"4600101","46","101","0"
"4600102","46","102","0"
"4600103","46","103","0"
"4600105","46","105","0"
"4600107","46","107","0"
"4600109","46","109","0"
"4600111","46","111","0"
"4600115","46","115","0"
"4600117","46","117","0"
"4600119","46","119","0"
"4600121","46","121","0"
"4600123","46","123","0"
"4600125","46","125","0"
"4600127","46","127","0"
"4600129","46","129","0"
"4600135","46","135","0"
"4600137","46","137","0"
"4701019","47","19","1"
"4701029","47","29","1"
"4701059","47","59","1"
"4701063","47","63","1"
"4701067","47","67","1"
"4701073","47","73","1"
"4701089","47","89","1"
"4701091","47","91","1"
"4701155","47","155","1"
"4701163","47","163","1"
"4701171","47","171","1"
"4701179","47","179","1"
"4702009","47","9","2"
"4702013","47","13","2"
"4702025","47","25","2"
"4702057","47","57","2"
"4702089","47","89","2"
"4702093","47","93","2"
"4702105","47","105","2"
"4703001","47","1","3"
"4703011","47","11","3"
"4703013","47","13","3"
"4703065","47","65","3"
"4703107","47","107","3"
"4703123","47","123","3"
"4703129","47","129","3"
"4703139","47","139","3"
"4703145","47","145","3"
"4703151","47","151","3"
"4703173","47","173","3"
"4704003","47","3","4"
"4704007","47","7","4"
"4704011","47","11","4"
"4704051","47","51","4"
"4704061","47","61","4"
"4704103","47","103","4"
"4704115","47","115","4"
"4704117","47","117","4"
"4704119","47","119","4"
"4704121","47","121","4"
"4704127","47","127","4"
"4704143","47","143","4"
"4704149","47","149","4"
"4704153","47","153","4"
"4704175","47","175","4"
"4704177","47","177","4"
"4705021","47","21","5"
"4705037","47","37","5"
"4705043","47","43","5"
"4706015","47","15","6"
"4706021","47","21","6"
"4706027","47","27","6"
"4706031","47","31","6"
"4706035","47","35","6"
"4706041","47","41","6"
"4706049","47","49","6"
"4706087","47","87","6"
"4706111","47","111","6"
"4706133","47","133","6"
"4706137","47","137","6"
"4706141","47","141","6"
"4706147","47","147","6"
"4706159","47","159","6"
"4706165","47","165","6"
"4706169","47","169","6"
"4706175","47","175","6"
"4706185","47","185","6"
"4706189","47","189","6"
"4707005","47","5","7"
"4707023","47","23","7"
"4707039","47","39","7"
"4707055","47","55","7"
"4707069","47","69","7"
"4707071","47","71","7"
"4707077","47","77","7"
"4707081","47","81","7"
"4707083","47","83","7"
"4707085","47","85","7"
"4707099","47","99","7"
"4707101","47","101","7"
"4707109","47","109","7"
"4707119","47","119","7"
"4707125","47","125","7"
"4707135","47","135","7"
"4707161","47","161","7"
"4707181","47","181","7"
"4707187","47","187","7"
"4708005","47","5","8"
"4708017","47","17","8"
"4708033","47","33","8"
"4708045","47","45","8"
"4708047","47","47","8"
"4708053","47","53","8"
"4708075","47","75","8"
"4708079","47","79","8"
"4708095","47","95","8"
"4708097","47","97","8"
"4708113","47","113","8"
"4708131","47","131","8"
"4708157","47","157","8"
"4708167","47","167","8"
"4708183","47","183","8"
"4709157","47","157","9"
"4801005","48","5","1"
"4801183","48","183","1"
"4801203","48","203","1"
"4801347","48","347","1"
"4801365","48","365","1"
"4801401","48","401","1"
"4801403","48","403","1"
"4801405","48","405","1"
"4801419","48","419","1"
"4801423","48","423","1"
"4801459","48","459","1"
"4801499","48","499","1"
"4802201","48","201","2"
"4803085","48","85","3"
"4804037","48","37","4"
"4804063","48","63","4"
"4804067","48","67","4"
"4804085","48","85","4"
"4804119","48","119","4"
"4804147","48","147","4"
"4804159","48","159","4"
"4804181","48","181","4"
"4804223","48","223","4"
"4804231","48","231","4"
"4804277","48","277","4"
"4804315","48","315","4"
"4804343","48","343","4"
"4804379","48","379","4"
"4804387","48","387","4"
"4804397","48","397","4"
"4804449","48","449","4"
"4804459","48","459","4"
"4805001","48","1","5"
"4805073","48","73","5"
"4805113","48","113","5"
"4805213","48","213","5"
"4805257","48","257","5"
"4805467","48","467","5"
"4805499","48","499","5"
"4806139","48","139","6"
"4806349","48","349","6"
"4806439","48","439","6"
"4807201","48","201","7"
"4808185","48","185","8"
"4808201","48","201","8"
"4808225","48","225","8"
"4808289","48","289","8"
"4808313","48","313","8"
"4808339","48","339","8"
"4808407","48","407","8"
"4808455","48","455","8"
"4808471","48","471","8"
"4809157","48","157","9"
"4809201","48","201","9"
"4810015","48","15","10"
"4810021","48","21","10"
"4810089","48","89","10"
"4810149","48","149","10"
"4810201","48","201","10"
"4810287","48","287","10"
"4810453","48","453","10"
"4810473","48","473","10"
"4810477","48","477","10"
"4811003","48","3","11"
"4811049","48","49","11"
"4811059","48","59","11"
"4811081","48","81","11"
"4811083","48","83","11"
"4811093","48","93","11"
"4811095","48","95","11"
"4811115","48","115","11"
"4811133","48","133","11"
"4811135","48","135","11"
"4811143","48","143","11"
"4811173","48","173","11"
"4811221","48","221","11"
"4811235","48","235","11"
"4811267","48","267","11"
"4811299","48","299","11"
"4811307","48","307","11"
"4811317","48","317","11"
"4811319","48","319","11"
"4811327","48","327","11"
"4811329","48","329","11"
"4811333","48","333","11"
"4811335","48","335","11"
"4811363","48","363","11"
"4811399","48","399","11"
"4811411","48","411","11"
"4811429","48","429","11"
"4811431","48","431","11"
"4811451","48","451","11"
"4812367","48","367","12"
"4812439","48","439","12"
"4812497","48","497","12"
"4813009","48","9","13"
"4813011","48","11","13"
"4813023","48","23","13"
"4813045","48","45","13"
"4813065","48","65","13"
"4813075","48","75","13"
"4813077","48","77","13"
"4813087","48","87","13"
"4813097","48","97","13"
"4813101","48","101","13"
"4813111","48","111","13"
"4813117","48","117","13"
"4813125","48","125","13"
"4813129","48","129","13"
"4813153","48","153","13"
"4813155","48","155","13"
"4813179","48","179","13"
"4813191","48","191","13"
"4813195","48","195","13"
"4813197","48","197","13"
"4813205","48","205","13"
"4813211","48","211","13"
"4813233","48","233","13"
"4813237","48","237","13"
"4813269","48","269","13"
"4813275","48","275","13"
"4813295","48","295","13"
"4813337","48","337","13"
"4813341","48","341","13"
"4813345","48","345","13"
"4813357","48","357","13"
"4813359","48","359","13"
"4813375","48","375","13"
"4813381","48","381","13"
"4813393","48","393","13"
"4813421","48","421","13"
"4813437","48","437","13"
"4813483","48","483","13"
"4813485","48","485","13"
"4813487","48","487","13"
"4813497","48","497","13"
"4814039","48","39","14"
"4814071","48","71","14"
"4814167","48","167","14"
"4814245","48","245","14"
"4815047","48","47","15"
"4815131","48","131","15"
"4815187","48","187","15"
"4815215","48","215","15"
"4815247","48","247","15"
"4815255","48","255","15"
"4815297","48","297","15"
"4815493","48","493","15"
"4816141","48","141","16"
"4817021","48","21","17"
"4817041","48","41","17"
"4817051","48","51","17"
"4817145","48","145","17"
"4817161","48","161","17"
"4817287","48","287","17"
"4817289","48","289","17"
"4817293","48","293","17"
"4817309","48","309","17"
"4817331","48","331","17"
"4817395","48","395","17"
"4817453","48","453","17"
"4818201","48","201","18"
"4819017","48","17","19"
"4819033","48","33","19"
"4819069","48","69","19"
"4819079","48","79","19"
"4819107","48","107","19"
"4819151","48","151","19"
"4819153","48","153","19"
"4819165","48","165","19"
"4819169","48","169","19"
"4819189","48","189","19"
"4819207","48","207","19"
"4819219","48","219","19"
"4819227","48","227","19"
"4819253","48","253","19"
"4819263","48","263","19"
"4819279","48","279","19"
"4819303","48","303","19"
"4819305","48","305","19"
"4819353","48","353","19"
"4819369","48","369","19"
"4819415","48","415","19"
"4819417","48","417","19"
"4819429","48","429","19"
"4819433","48","433","19"
"4819441","48","441","19"
"4819445","48","445","19"
"4819447","48","447","19"
"4819501","48","501","19"
"4819503","48","503","19"
"4820029","48","29","20"
"4821019","48","19","21"
"4821029","48","29","21"
"4821031","48","31","21"
"4821091","48","91","21"
"4821171","48","171","21"
"4821209","48","209","21"
"4821259","48","259","21"
"4821265","48","265","21"
"4821385","48","385","21"
"4821453","48","453","21"
"4822039","48","39","22"
"4822157","48","157","22"
"4822201","48","201","22"
"4823029","48","29","23"
"4823043","48","43","23"
"4823103","48","103","23"
"4823105","48","105","23"
"4823109","48","109","23"
"4823127","48","127","23"
"4823137","48","137","23"
"4823141","48","141","23"
"4823163","48","163","23"
"4823229","48","229","23"
"4823243","48","243","23"
"4823271","48","271","23"
"4823283","48","283","23"
"4823301","48","301","23"
"4823323","48","323","23"
"4823325","48","325","23"
"4823371","48","371","23"
"4823377","48","377","23"
"4823383","48","383","23"
"4823389","48","389","23"
"4823413","48","413","23"
"4823435","48","435","23"
"4823443","48","443","23"
"4823461","48","461","23"
"4823463","48","463","23"
"4823465","48","465","23"
"4823475","48","475","23"
"4823495","48","495","23"
"4823507","48","507","23"
"4824113","48","113","24"
"4824121","48","121","24"
"4824439","48","439","24"
"4825027","48","27","25"
"4825035","48","35","25"
"4825053","48","53","25"
"4825099","48","99","25"
"4825143","48","143","25"
"4825193","48","193","25"
"4825209","48","209","25"
"4825217","48","217","25"
"4825251","48","251","25"
"4825281","48","281","25"
"4825425","48","425","25"
"4825439","48","439","25"
"4825453","48","453","25"
"4826113","48","113","26"
"4826121","48","121","26"
"4826439","48","439","26"
"4827007","48","7","27"
"4827021","48","21","27"
"4827055","48","55","27"
"4827057","48","57","27"
"4827177","48","177","27"
"4827239","48","239","27"
"4827285","48","285","27"
"4827321","48","321","27"
"4827355","48","355","27"
"4827391","48","391","27"
"4827409","48","409","27"
"4827469","48","469","27"
"4827481","48","481","27"
"4828013","48","13","28"
"4828029","48","29","28"
"4828215","48","215","28"
"4828283","48","283","28"
"4828311","48","311","28"
"4828427","48","427","28"
"4828479","48","479","28"
"4828493","48","493","28"
"4828505","48","505","28"
"4829201","48","201","29"
"4830113","48","113","30"
"4831027","48","27","31"
"4831491","48","491","31"
"4832085","48","85","32"
"4832113","48","113","32"
"4833113","48","113","33"
"4833439","48","439","33"
"4834025","48","25","34"
"4834061","48","61","34"
"4834123","48","123","34"
"4834175","48","175","34"
"4834177","48","177","34"
"4834215","48","215","34"
"4834249","48","249","34"
"4834261","48","261","34"
"4834273","48","273","34"
"4834409","48","409","34"
"4834489","48","489","34"
"4835029","48","29","35"
"4835055","48","55","35"
"4835091","48","91","35"
"4835187","48","187","35"
"4835209","48","209","35"
"4835453","48","453","35"
"4836071","48","71","36"
"4836199","48","199","36"
"4836201","48","201","36"
"4836241","48","241","36"
"4836291","48","291","36"
"4836351","48","351","36"
"4836361","48","361","36"
"4836373","48","373","36"
"4836457","48","457","36"
"4901003","49","3","1"
"4901005","49","5","1"
"4901009","49","9","1"
"4901011","49","11","1"
"4901013","49","13","1"
"4901029","49","29","1"
"4901033","49","33","1"
"4901043","49","43","1"
"4901047","49","47","1"
"4901057","49","57","1"
"4902001","49","1","2"
"4902011","49","11","2"
"4902017","49","17","2"
"4902021","49","21","2"
"4902023","49","23","2"
"4902025","49","25","2"
"4902027","49","27","2"
"4902031","49","31","2"
"4902035","49","35","2"
"4902039","49","39","2"
"4902041","49","41","2"
"4902045","49","45","2"
"4902053","49","53","2"
"4902055","49","55","2"
"4903007","49","7","3"
"4903015","49","15","3"
"4903019","49","19","3"
"4903035","49","35","3"
"4903037","49","37","3"
"4903049","49","49","3"
"4903051","49","51","3"
"4904023","49","23","4"
"4904035","49","35","4"
"4904039","49","39","4"
"4904049","49","49","4"
"5000001","50","1","0"
"5000003","50","3","0"
"5000005","50","5","0"
"5000007","50","7","0"
"5000009","50","9","0"
"5000011","50","11","0"
"5000013","50","13","0"
"5000015","50","15","0"
"5000017","50","17","0"
"5000019","50","19","0"
"5000021","50","21","0"
"5000023","50","23","0"
"5000025","50","25","0"
"5000027","50","27","0"
"5101033","51","33","1"
"5101057","51","57","1"
"5101061","51","61","1"
"5101073","51","73","1"
"5101085","51","85","1"
"5101095","51","95","1"
"5101097","51","97","1"
"5101099","51","99","1"
"5101101","51","101","1"
"5101103","51","103","1"
"5101115","51","115","1"
"5101119","51","119","1"
"5101127","51","127","1"
"5101133","51","133","1"
"5101153","51","153","1"
"5101159","51","159","1"
"5101177","51","177","1"
"5101179","51","179","1"
"5101193","51","193","1"
"5101630","51","630","1"
"5102001","51","1","2"
"5102095","51","95","2"
"5102131","51","131","2"
"5102199","51","199","2"
"5102650","51","650","2"
"5102710","51","710","2"
"5102735","51","735","2"
"5102810","51","810","2"
"5102830","51","830","2"
"5103093","51","93","3"
"5103550","51","550","3"
"5103620","51","620","3"
"5103650","51","650","3"
"5103700","51","700","3"
"5103710","51","710","3"
"5103740","51","740","3"
"5103800","51","800","3"
"5104036","51","36","4"
"5104041","51","41","4"
"5104053","51","53","4"
"5104081","51","81","4"
"5104087","51","87","4"
"5104149","51","149","4"
"5104175","51","175","4"
"5104181","51","181","4"
"5104183","51","183","4"
"5104550","51","550","4"
"5104570","51","570","4"
"5104595","51","595","4"
"5104670","51","670","4"
"5104730","51","730","4"
"5104760","51","760","4"
"5104800","51","800","4"
"5105003","51","3","5"
"5105011","51","11","5"
"5105019","51","19","5"
"5105025","51","25","5"
"5105029","51","29","5"
"5105031","51","31","5"
"5105037","51","37","5"
"5105049","51","49","5"
"5105061","51","61","5"
"5105065","51","65","5"
"5105067","51","67","5"
"5105079","51","79","5"
"5105083","51","83","5"
"5105089","51","89","5"
"5105111","51","111","5"
"5105113","51","113","5"
"5105117","51","117","5"
"5105125","51","125","5"
"5105143","51","143","5"
"5105147","51","147","5"
"5105157","51","157","5"
"5105540","51","540","5"
"5105590","51","590","5"
"5106009","51","9","6"
"5106015","51","15","6"
"5106017","51","17","6"
"5106019","51","19","6"
"5106023","51","23","6"
"5106091","51","91","6"
"5106139","51","139","6"
"5106161","51","161","6"
"5106163","51","163","6"
"5106165","51","165","6"
"5106171","51","171","6"
"5106187","51","187","6"
"5106530","51","530","6"
"5106660","51","660","6"
"5106678","51","678","6"
"5106680","51","680","6"
"5106770","51","770","6"
"5106790","51","790","6"
"5106820","51","820","6"
"5107007","51","7","7"
"5107041","51","41","7"
"5107047","51","47","7"
"5107075","51","75","7"
"5107087","51","87","7"
"5107109","51","109","7"
"5107135","51","135","7"
"5107137","51","137","7"
"5107145","51","145","7"
"5107177","51","177","7"
"5108013","51","13","8"
"5108059","51","59","8"
"5108510","51","510","8"
"5108610","51","610","8"
"5109005","51","5","9"
"5109021","51","21","9"
"5109027","51","27","9"
"5109035","51","35","9"
"5109045","51","45","9"
"5109051","51","51","9"
"5109063","51","63","9"
"5109071","51","71","9"
"5109077","51","77","9"
"5109089","51","89","9"
"5109105","51","105","9"
"5109121","51","121","9"
"5109141","51","141","9"
"5109155","51","155","9"
"5109161","51","161","9"
"5109167","51","167","9"
"5109169","51","169","9"
"5109173","51","173","9"
"5109185","51","185","9"
"5109191","51","191","9"
"5109195","51","195","9"
"5109197","51","197","9"
"5109520","51","520","9"
"5109580","51","580","9"
"5109640","51","640","9"
"5109690","51","690","9"
"5109720","51","720","9"
"5109750","51","750","9"
"5109775","51","775","9"
"5110043","51","43","10"
"5110059","51","59","10"
"5110069","51","69","10"
"5110107","51","107","10"
"5110153","51","153","10"
"5110683","51","683","10"
"5110685","51","685","10"
"5110840","51","840","10"
"5111059","51","59","11"
"5111153","51","153","11"
"5111600","51","600","11"
"5301033","53","33","1"
"5301057","53","57","1"
"5301061","53","61","1"
"5301073","53","73","1"
"5302029","53","29","2"
"5302055","53","55","2"
"5302057","53","57","2"
"5302061","53","61","2"
"5302073","53","73","2"
"5303011","53","11","3"
"5303015","53","15","3"
"5303039","53","39","3"
"5303041","53","41","3"
"5303049","53","49","3"
"5303059","53","59","3"
"5303067","53","67","3"
"5303069","53","69","3"
"5304001","53","1","4"
"5304005","53","5","4"
"5304017","53","17","4"
"5304021","53","21","4"
"5304025","53","25","4"
"5304047","53","47","4"
"5304071","53","71","4"
"5304077","53","77","4"
"5305003","53","3","5"
"5305013","53","13","5"
"5305019","53","19","5"
"5305023","53","23","5"
"5305043","53","43","5"
"5305051","53","51","5"
"5305063","53","63","5"
"5305065","53","65","5"
"5305071","53","71","5"
"5305075","53","75","5"
"5306009","53","9","6"
"5306027","53","27","6"
"5306031","53","31","6"
"5306035","53","35","6"
"5306045","53","45","6"
"5306053","53","53","6"
"5307033","53","33","7"
"5307061","53","61","7"
"5308007","53","7","8"
"5308017","53","17","8"
"5308033","53","33","8"
"5308037","53","37","8"
"5308053","53","53","8"
"5309033","53","33","9"
"5309053","53","53","9"
"5310045","53","45","10"
"5310053","53","53","10"
"5310067","53","67","10"
"5401001","54","1","1"
"5401009","54","9","1"
"5401017","54","17","1"
"5401021","54","21","1"
"5401023","54","23","1"
"5401029","54","29","1"
"5401033","54","33","1"
"5401049","54","49","1"
"5401051","54","51","1"
"5401057","54","57","1"
"5401061","54","61","1"
"5401069","54","69","1"
"5401073","54","73","1"
"5401077","54","77","1"
"5401085","54","85","1"
"5401091","54","91","1"
"5401093","54","93","1"
"5401095","54","95","1"
"5401103","54","103","1"
"5401107","54","107","1"
"5402003","54","3","2"
"5402007","54","7","2"
"5402013","54","13","2"
"5402015","54","15","2"
"5402027","54","27","2"
"5402031","54","31","2"
"5402035","54","35","2"
"5402037","54","37","2"
"5402039","54","39","2"
"5402041","54","41","2"
"5402065","54","65","2"
"5402071","54","71","2"
"5402079","54","79","2"
"5402083","54","83","2"
"5402087","54","87","2"
"5402097","54","97","2"
"5402105","54","105","2"
"5403005","54","5","3"
"5403011","54","11","3"
"5403019","54","19","3"
"5403025","54","25","3"
"5403043","54","43","3"
"5403045","54","45","3"
"5403047","54","47","3"
"5403053","54","53","3"
"5403055","54","55","3"
"5403059","54","59","3"
"5403063","54","63","3"
"5403067","54","67","3"
"5403075","54","75","3"
"5403081","54","81","3"
"5403089","54","89","3"
"5403099","54","99","3"
"5403101","54","101","3"
"5403109","54","109","3"
"5501059","55","59","1"
"5501079","55","79","1"
"5501101","55","101","1"
"5501105","55","105","1"
"5501127","55","127","1"
"5501133","55","133","1"
"5502025","55","25","2"
"5502045","55","45","2"
"5502049","55","49","2"
"5502065","55","65","2"
"5502103","55","103","2"
"5502105","55","105","2"
"5502111","55","111","2"
"5503001","55","1","3"
"5503011","55","11","3"
"5503017","55","17","3"
"5503023","55","23","3"
"5503033","55","33","3"
"5503035","55","35","3"
"5503043","55","43","3"
"5503053","55","53","3"
"5503057","55","57","3"
"5503063","55","63","3"
"5503081","55","81","3"
"5503091","55","91","3"
"5503093","55","93","3"
"5503097","55","97","3"
"5503103","55","103","3"
"5503121","55","121","3"
"5503123","55","123","3"
"5503141","55","141","3"
"5504079","55","79","4"
"5504133","55","133","4"
"5505027","55","27","5"
"5505055","55","55","5"
"5505079","55","79","5"
"5505127","55","127","5"
"5505131","55","131","5"
"5505133","55","133","5"
"5506021","55","21","6"
"5506027","55","27","6"
"5506039","55","39","6"
"5506047","55","47","6"
"5506071","55","71","6"
"5506077","55","77","6"
"5506079","55","79","6"
"5506089","55","89","6"
"5506117","55","117","6"
"5506137","55","137","6"
"5506139","55","139","6"
"5507003","55","3","7"
"5507005","55","5","7"
"5507007","55","7","7"
"5507013","55","13","7"
"5507017","55","17","7"
"5507019","55","19","7"
"5507031","55","31","7"
"5507037","55","37","7"
"5507041","55","41","7"
"5507051","55","51","7"
"5507053","55","53","7"
"5507057","55","57","7"
"5507067","55","67","7"
"5507069","55","69","7"
"5507073","55","73","7"
"5507081","55","81","7"
"5507085","55","85","7"
"5507095","55","95","7"
"5507099","55","99","7"
"5507107","55","107","7"
"5507109","55","109","7"
"5507113","55","113","7"
"5507119","55","119","7"
"5507125","55","125","7"
"5507129","55","129","7"
"5507141","55","141","7"
"5508009","55","9","8"
"5508015","55","15","8"
"5508029","55","29","8"
"5508061","55","61","8"
"5508075","55","75","8"
"5508078","55","78","8"
"5508083","55","83","8"
"5508087","55","87","8"
"5508115","55","115","8"
"5508135","55","135","8"
"5508139","55","139","8"
"5600001","56","1","0"
"5600003","56","3","0"
"5600005","56","5","0"
"5600007","56","7","0"
"5600009","56","9","0"
"5600011","56","11","0"
"5600013","56","13","0"
"5600015","56","15","0"
"5600017","56","17","0"
"5600019","56","19","0"
"5600021","56","21","0"
"5600023","56","23","0"
"5600025","56","25","0"
"5600027","56","27","0"
"5600029","56","29","0"
"5600031","56","31","0"
"5600033","56","33","0"
"5600035","56","35","0"
"5600037","56","37","0"
"5600039","56","39","0"
"5600041","56","41","0"
"5600043","56","43","0"
"5600045","56","45","0"
"6098010","60","10","98"
"6098020","60","20","98"
"6098030","60","30","98"
"6098040","60","40","98"
"6098050","60","50","98"
"6698010","66","10","98"
"6998085","69","85","98"
"6998100","69","100","98"
"6998110","69","110","98"
"6998120","69","120","98"
"7298001","72","1","98"
"7298003","72","3","98"
"7298005","72","5","98"
"7298007","72","7","98"
"7298009","72","9","98"
"7298011","72","11","98"
"7298013","72","13","98"
"7298015","72","15","98"
"7298017","72","17","98"
"7298019","72","19","98"
"7298021","72","21","98"
"7298023","72","23","98"
"7298025","72","25","98"
"7298027","72","27","98"
"7298029","72","29","98"
"7298031","72","31","98"
"7298033","72","33","98"
"7298035","72","35","98"
"7298037","72","37","98"
"7298039","72","39","98"
"7298041","72","41","98"
"7298043","72","43","98"
"7298045","72","45","98"
"7298047","72","47","98"
"7298049","72","49","98"
"7298051","72","51","98"
"7298053","72","53","98"
"7298054","72","54","98"
"7298055","72","55","98"
"7298057","72","57","98"
"7298059","72","59","98"
"7298061","72","61","98"
"7298063","72","63","98"
"7298065","72","65","98"
"7298067","72","67","98"
"7298069","72","69","98"
"7298071","72","71","98"
"7298073","72","73","98"
"7298075","72","75","98"
"7298077","72","77","98"
"7298079","72","79","98"
"7298081","72","81","98"
"7298083","72","83","98"
"7298085","72","85","98"
"7298087","72","87","98"
"7298089","72","89","98"
"7298091","72","91","98"
"7298093","72","93","98"
"7298095","72","95","98"
"7298097","72","97","98"
"7298099","72","99","98"
"7298101","72","101","98"
"7298103","72","103","98"
"7298105","72","105","98"
"7298107","72","107","98"
"7298109","72","109","98"
"7298111","72","111","98"
"7298113","72","113","98"
"7298115","72","115","98"
"7298117","72","117","98"
"7298119","72","119","98"
"7298121","72","121","98"
"7298123","72","123","98"
"7298125","72","125","98"
"7298127","72","127","98"
"7298129","72","129","98"
"7298131","72","131","98"
"7298133","72","133","98"
"7298135","72","135","98"
"7298137","72","137","98"
"7298139","72","139","98"
"7298141","72","141","98"
"7298143","72","143","98"
"7298145","72","145","98"
"7298147","72","147","98"
"7298149","72","149","98"
"7298151","72","151","98"
"7298153","72","153","98"
"7898010","78","10","98"
"7898020","78","20","98"
"7898030","78","30","98"