fips,state,count,toss_up_bolean,toss_up_bucket
1003,1,3,no,0
1025,1,25,no,0
1053,1,53,no,0
1097,1,97,no,0
1099,1,99,no,0
1129,1,129,no,0
1001,1,1,no,0
1005,1,5,no,0
1011,1,11,no,0
1013,1,13,no,0
1031,1,31,no,0
1035,1,35,no,0
1039,1,39,no,0
1041,1,41,no,0
1045,1,45,no,0
1051,1,51,no,0
1061,1,61,no,0
1067,1,67,no,0
1069,1,69,no,0
1101,1,101,no,0
1109,1,109,no,0
1015,1,15,no,0
1017,1,17,no,0
1019,1,19,no,0
1027,1,27,no,0
1029,1,29,no,0
1081,1,81,no,0
1087,1,87,no,0
1101,1,101,no,0
1111,1,111,no,0
1113,1,113,no,0
1115,1,115,no,0
1121,1,121,no,0
1123,1,123,no,0
1009,1,9,no,0
1019,1,19,no,0
1033,1,33,no,0
1043,1,43,no,0
1049,1,49,no,0
1055,1,55,no,0
1057,1,57,no,0
1059,1,59,no,0
1071,1,71,no,0
1075,1,75,no,0
1079,1,79,no,0
1093,1,93,no,0
1095,1,95,no,0
1125,1,125,no,0
1127,1,127,no,0
1133,1,133,no,0
1071,1,71,no,0
1077,1,77,no,0
1083,1,83,no,0
1089,1,89,no,0
1103,1,103,no,0
1007,1,7,no,0
1009,1,9,no,0
1021,1,21,no,0
1037,1,37,no,0
1073,1,73,no,0
1117,1,117,no,0
1023,1,23,no,0
1025,1,25,no,0
1047,1,47,no,0
1063,1,63,no,0
1065,1,65,no,0
1073,1,73,no,0
1085,1,85,no,0
1091,1,91,no,0
1101,1,101,no,0
1105,1,105,no,0
1107,1,107,no,0
1119,1,119,no,0
1125,1,125,no,0
1131,1,131,no,0
2013,2,13,no,0
2016,2,16,no,0
2020,2,20,no,0
2050,2,50,no,0
2060,2,60,no,0
2068,2,68,no,0
2070,2,70,no,0
2090,2,90,no,0
2100,2,100,no,0
2105,2,105,no,0
2110,2,110,no,0
2122,2,122,no,0
2130,2,130,no,0
2150,2,150,no,0
2158,2,158,no,0
2164,2,164,no,0
2170,2,170,no,0
2180,2,180,no,0
2185,2,185,no,0
2188,2,188,no,0
2195,2,195,no,0
2198,2,198,no,0
2220,2,220,no,0
2230,2,230,no,0
2240,2,240,no,0
2261,2,261,no,0
2275,2,275,no,0
2282,2,282,no,0
2290,2,290,no,0
4001,4,1,no,0
4005,4,5,no,0
4007,4,7,no,0
4009,4,9,no,0
4011,4,11,no,0
4013,4,13,no,0
4015,4,15,no,0
4017,4,17,no,0
4019,4,19,no,0
4021,4,21,no,0
4025,4,25,no,0
4003,4,3,no,0
4019,4,19,no,0
4013,4,13,no,0
4019,4,19,no,0
4021,4,21,no,0
4023,4,23,no,0
4027,4,27,no,0
4007,4,7,no,0
4012,4,12,no,0
4013,4,13,no,0
4015,4,15,no,0
4021,4,21,no,0
4025,4,25,no,0
4027,4,27,no,0
4013,4,13,no,0
4013,4,13,no,0
4013,4,13,no,0
4013,4,13,no,0
4013,4,13,no,0
5001,5,1,no,0
5005,5,5,no,0
5017,5,17,no,0
5021,5,21,no,0
5023,5,23,no,0
5031,5,31,no,0
5035,5,35,no,0
5037,5,37,no,0
5041,5,41,no,0
5049,5,49,no,0
5055,5,55,no,0
5063,5,63,no,0
5065,5,65,no,0
5067,5,67,no,0
5069,5,69,no,0
5075,5,75,no,0
5077,5,77,no,0
5079,5,79,no,0
5085,5,85,no,0
5093,5,93,no,0
5095,5,95,no,0
5107,5,107,no,0
5111,5,111,no,0
5117,5,117,no,0
5121,5,121,no,0
5123,5,123,no,0
5129,5,129,no,0
5135,5,135,no,0
5137,5,137,no,0
5147,5,147,no,0
5029,5,29,no,0
5045,5,45,no,0
5105,5,105,no,0
5119,5,119,no,0
5125,5,125,no,0
5141,5,141,no,0
5145,5,145,no,0
5007,5,7,no,0
5009,5,9,no,0
5015,5,15,no,0
5033,5,33,no,0
5089,5,89,no,0
5101,5,101,no,0
5115,5,115,no,0
5129,5,129,no,0
5131,5,131,no,0
5143,5,143,no,0
5003,5,3,no,0
5011,5,11,no,0
5013,5,13,no,0
5019,5,19,no,0
5025,5,25,no,0
5027,5,27,no,0
5033,5,33,no,0
5039,5,39,no,0
5043,5,43,no,0
5047,5,47,no,0
5051,5,51,no,0
5053,5,53,no,0
5057,5,57,no,0
5059,5,59,no,0
5061,5,61,no,0
5069,5,69,no,0
5071,5,71,no,0
5073,5,73,no,0
5081,5,81,no,0
5083,5,83,no,0
5087,5,87,no,0
5091,5,91,no,0
5097,5,97,no,0
5099,5,99,no,0
5101,5,101,no,0
5103,5,103,no,0
5109,5,109,no,0
5113,5,113,no,0
5127,5,127,no,0
5131,5,131,no,0
5133,5,133,no,0
5139,5,139,no,0
5149,5,149,no,0
6007,6,7,no,0
6021,6,21,no,0
6035,6,35,no,0
6049,6,49,no,0
6057,6,57,no,0
6061,6,61,no,0
6063,6,63,no,0
6089,6,89,no,0
6091,6,91,no,0
6093,6,93,no,0
6103,6,103,no,0
6015,6,15,no,0
6023,6,23,no,0
6041,6,41,no,0
6045,6,45,no,0
6097,6,97,no,0
6105,6,105,no,0
6011,6,11,no,0
6021,6,21,no,0
6033,6,33,no,0
6067,6,67,no,0
6095,6,95,no,0
6101,6,101,no,0
6113,6,113,no,0
6115,6,115,no,0
6003,6,3,no,0
6005,6,5,no,0
6009,6,9,no,0
6017,6,17,no,0
6019,6,19,no,0
6039,6,39,no,0
6043,6,43,no,0
6057,6,57,no,0
6061,6,61,no,0
6109,6,109,no,0
6013,6,13,no,0
6033,6,33,no,0
6055,6,55,no,0
6095,6,95,no,0
6097,6,97,no,0
6067,6,67,no,0
6113,6,113,no,0
6067,6,67,no,0
6027,6,27,no,0
6051,6,51,no,0
6071,6,71,no,0
6013,6,13,no,0
6067,6,67,no,0
6077,6,77,no,0
6077,6,77,yes,1
6099,6,99,yes,1
6013,6,13,no,0
6075,6,75,no,0
6001,6,1,no,0
6075,6,75,no,0
6075,6,75,no,0
6081,6,81,no,0
6001,6,1,no,0
6013,6,13,no,0
6019,6,19,no,0
6039,6,39,no,0
6047,6,47,no,0
6001,6,1,no,0
6085,6,85,no,0
6081,6,81,no,0
6085,6,85,no,0
6087,6,87,no,0
6085,6,85,no,0
6053,6,53,no,0
6069,6,69,no,0
6085,6,85,no,0
6087,6,87,no,0
6019,6,19,no,0
6029,6,29,no,0
6031,6,31,no,0
6107,6,107,no,0
6019,6,19,no,0
6107,6,107,no,0
6029,6,29,no,0
6037,6,37,no,0
6107,6,107,no,0
6079,6,79,no,0
6083,6,83,no,0
6111,6,111,no,0
6037,6,37,yes,1
6111,6,111,yes,1
6037,6,37,no,0
6111,6,111,no,0
6037,6,37,no,0
6071,6,71,no,0
6037,6,37,no,0
6037,6,37,no,0
6037,6,37,no,0
6111,6,111,no,0
6071,6,71,no,0
6037,6,37,no,0
6037,6,37,no,0
6037,6,37,no,0
6037,6,37,no,0
6071,6,71,no,0
6065,6,65,no,0
6037,6,37,no,0
6037,6,37,no,0
6059,6,59,no,0
6037,6,37,yes,1
6059,6,59,yes,1
6071,6,71,yes,1
6037,6,37,no,0
6065,6,65,no,0
6065,6,65,no,0
6037,6,37,no,0
6037,6,37,no,0
6059,6,59,yes,1
6059,6,59,no,0
6037,6,37,no,0
6059,6,59,no,0
6059,6,59,yes,1
6059,6,59,no,0
6073,6,73,no,0
6065,6,65,no,0
6073,6,73,no,0
6025,6,25,no,0
6073,6,73,no,0
6073,6,73,no,0
6073,6,73,no,0
8005,8,5,no,0
8031,8,31,no,0
8059,8,59,no,0
8013,8,13,no,0
8014,8,14,no,0
8019,8,19,no,0
8037,8,37,no,0
8047,8,47,no,0
8049,8,49,no,0
8059,8,59,no,0
8069,8,69,no,0
8093,8,93,no,0
8117,8,117,no,0
8123,8,123,no,0
8003,8,3,no,0
8007,8,7,no,0
8021,8,21,no,0
8023,8,23,no,0
8027,8,27,no,0
8029,8,29,no,0
8033,8,33,no,0
8037,8,37,no,0
8045,8,45,no,0
8051,8,51,no,0
8053,8,53,no,0
8055,8,55,no,0
8057,8,57,no,0
8065,8,65,no,0
8067,8,67,no,0
8077,8,77,no,0
8079,8,79,no,0
8081,8,81,no,0
8083,8,83,no,0
8085,8,85,no,0
8091,8,91,no,0
8097,8,97,no,0
8101,8,101,no,0
8103,8,103,no,0
8105,8,105,no,0
8107,8,107,no,0
8109,8,109,no,0
8111,8,111,no,0
8113,8,113,no,0
8001,8,1,no,0
8005,8,5,no,0
8009,8,9,no,0
8011,8,11,no,0
8013,8,13,no,0
8017,8,17,no,0
8025,8,25,no,0
8035,8,35,no,0
8039,8,39,no,0
8061,8,61,no,0
8063,8,63,no,0
8071,8,71,no,0
8073,8,73,no,0
8075,8,75,no,0
8087,8,87,no,0
8089,8,89,no,0
8095,8,95,no,0
8099,8,99,no,0
8115,8,115,no,0
8121,8,121,no,0
8123,8,123,no,0
8125,8,125,no,0
8015,8,15,no,0
8041,8,41,no,0
8043,8,43,no,0
8093,8,93,no,0
8119,8,119,no,0
8001,8,1,no,0
8005,8,5,no,0
8035,8,35,no,0
8001,8,1,no,0
8059,8,59,no,0
9003,9,3,no,0
9005,9,5,no,0
9007,9,7,no,0
9003,9,3,no,0
9007,9,7,no,0
9009,9,9,no,0
9011,9,11,no,0
9013,9,13,no,0
9015,9,15,no,0
9001,9,1,no,0
9007,9,7,no,0
9009,9,9,no,0
9001,9,1,no,0
9009,9,9,no,0
9001,9,1,no,0
9003,9,3,no,0
9005,9,5,no,0
9009,9,9,no,0
10001,10,1,no,0
10003,10,3,no,0
10005,10,5,no,0
11001,11,1,no,0
12033,12,33,no,0
12059,12,59,no,0
12091,12,91,no,0
12113,12,113,no,0
12131,12,131,no,0
12005,12,5,no,0
12013,12,13,no,0
12023,12,23,no,0
12029,12,29,no,0
12037,12,37,no,0
12041,12,41,no,0
12045,12,45,no,0
12059,12,59,no,0
12063,12,63,no,0
12065,12,65,no,0
12067,12,67,no,0
12073,12,73,no,0
12075,12,75,no,0
12077,12,77,no,0
12083,12,83,no,0
12121,12,121,no,0
12123,12,123,no,0
12129,12,129,no,0
12133,12,133,no,0
12001,12,1,no,0
12007,12,7,no,0
12019,12,19,no,0
12083,12,83,no,0
12107,12,107,no,0
12125,12,125,no,0
12031,12,31,no,0
12089,12,89,no,0
12109,12,109,no,0
12003,12,3,no,0
12023,12,23,no,0
12031,12,31,no,0
12039,12,39,no,0
12047,12,47,no,0
12065,12,65,no,0
12073,12,73,no,0
12079,12,79,no,0
12035,12,35,no,0
12069,12,69,no,0
12109,12,109,no,0
12127,12,127,no,0
12095,12,95,no,0
12117,12,117,no,0
12009,12,9,no,0
12061,12,61,no,0
12095,12,95,no,0
12095,12,95,no,0
12097,12,97,no,0
12105,12,105,no,0
12095,12,95,no,0
12017,12,17,no,0
12053,12,53,no,0
12069,12,69,no,0
12083,12,83,no,0
12119,12,119,no,0
12057,12,57,no,0
12101,12,101,no,0
12103,12,103,no,0
12103,12,103,no,0
12057,12,57,no,0
12057,12,57,no,0
12069,12,69,no,0
12105,12,105,no,0
12057,12,57,no,0
12081,12,81,no,0
12115,12,115,no,0
12015,12,15,no,0
12027,12,27,no,0
12043,12,43,no,0
12049,12,49,no,0
12055,12,55,no,0
12071,12,71,no,0
12093,12,93,no,0
12105,12,105,no,0
12115,12,115,no,0
12085,12,85,no,0
12099,12,99,no,0
12111,12,111,no,0
12021,12,21,no,0
12071,12,71,no,0
12011,12,11,no,0
12099,12,99,no,0
12099,12,99,no,0
12011,12,11,no,0
12099,12,99,no,0
12011,12,11,no,0
12086,12,86,no,0
12011,12,11,no,0
12086,12,86,no,0
12021,12,21,no,0
12051,12,51,no,0
12086,12,86,no,0
12086,12,86,yes,1
12087,12,87,yes,1
12086,12,86,yes,1
13005,13,5,no,0
13025,13,25,no,0
13029,13,29,no,0
13039,13,39,no,0
13049,13,49,no,0
13051,13,51,no,0
13065,13,65,no,0
13101,13,101,no,0
13103,13,103,no,0
13127,13,127,no,0
13179,13,179,no,0
13183,13,183,no,0
13185,13,185,no,0
13191,13,191,no,0
13229,13,229,no,0
13299,13,299,no,0
13305,13,305,no,0
13007,13,7,no,0
13021,13,21,no,0
13037,13,37,no,0
13053,13,53,no,0
13061,13,61,no,0
13079,13,79,no,0
13081,13,81,no,0
13087,13,87,no,0
13093,13,93,no,0
13095,13,95,no,0
13099,13,99,no,0
13131,13,131,no,0
13177,13,177,no,0
13193,13,193,no,0
13197,13,197,no,0
13201,13,201,no,0
13205,13,205,no,0
13215,13,215,no,0
13225,13,225,no,0
13239,13,239,no,0
13243,13,243,no,0
13249,13,249,no,0
13253,13,253,no,0
13259,13,259,no,0
13261,13,261,no,0
13263,13,263,no,0
13269,13,269,no,0
13273,13,273,no,0
13307,13,307,no,0
13045,13,45,no,0
13077,13,77,no,0
13113,13,113,no,0
13145,13,145,no,0
13149,13,149,no,0
13151,13,151,no,0
13171,13,171,no,0
13199,13,199,no,0
13215,13,215,no,0
13231,13,231,no,0
13255,13,255,no,0
13285,13,285,no,0
13293,13,293,no,0
13089,13,89,no,0
13135,13,135,no,0
13217,13,217,no,0
13247,13,247,no,0
13063,13,63,no,0
13089,13,89,no,0
13121,13,121,no,0
13067,13,67,no,0
13089,13,89,no,0
13121,13,121,no,0
13117,13,117,no,0
13135,13,135,no,0
13003,13,3,no,0
13017,13,17,no,0
13019,13,19,no,0
13021,13,21,no,0
13023,13,23,no,0
13027,13,27,no,0
13071,13,71,no,0
13075,13,75,no,0
13091,13,91,no,0
13153,13,153,no,0
13155,13,155,no,0
13169,13,169,no,0
13173,13,173,no,0
13185,13,185,no,0
13207,13,207,no,0
13235,13,235,no,0
13271,13,271,no,0
13275,13,275,no,0
13277,13,277,no,0
13287,13,287,no,0
13289,13,289,no,0
13315,13,315,no,0
13319,13,319,no,0
13321,13,321,no,0
13011,13,11,no,0
13059,13,59,no,0
13085,13,85,no,0
13105,13,105,no,0
13111,13,111,no,0
13117,13,117,no,0
13119,13,119,no,0
13123,13,123,no,0
13137,13,137,no,0
13139,13,139,no,0
13147,13,147,no,0
13157,13,157,no,0
13187,13,187,no,0
13195,13,195,no,0
13227,13,227,no,0
13241,13,241,no,0
13257,13,257,no,0
13281,13,281,no,0
13291,13,291,no,0
13311,13,311,no,0
13009,13,9,no,0
13013,13,13,no,0
13035,13,35,no,0
13059,13,59,no,0
13073,13,73,no,0
13125,13,125,no,0
13133,13,133,no,0
13135,13,135,no,0
13141,13,141,no,0
13151,13,151,no,0
13159,13,159,no,0
13163,13,163,no,0
13167,13,167,no,0
13181,13,181,no,0
13189,13,189,no,0
13211,13,211,no,0
13217,13,217,no,0
13219,13,219,no,0
13221,13,221,no,0
13237,13,237,no,0
13265,13,265,no,0
13297,13,297,no,0
13301,13,301,no,0
13303,13,303,no,0
13317,13,317,no,0
13015,13,15,no,0
13057,13,57,no,0
13067,13,67,no,0
13121,13,121,no,0
13001,13,1,no,0
13031,13,31,no,0
13033,13,33,no,0
13043,13,43,no,0
13069,13,69,no,0
13073,13,73,no,0
13103,13,103,no,0
13107,13,107,no,0
13109,13,109,no,0
13161,13,161,no,0
13165,13,165,no,0
13175,13,175,no,0
13209,13,209,no,0
13245,13,245,no,0
13251,13,251,no,0
13267,13,267,no,0
13279,13,279,no,0
13283,13,283,no,0
13309,13,309,no,0
13063,13,63,no,0
13067,13,67,no,0
13097,13,97,no,0
13113,13,113,no,0
13121,13,121,no,0
13151,13,151,no,0
13047,13,47,no,0
13055,13,55,no,0
13083,13,83,no,0
13115,13,115,no,0
13129,13,129,no,0
13143,13,143,no,0
13213,13,213,no,0
13223,13,223,no,0
13227,13,227,no,0
13233,13,233,no,0
13295,13,295,no,0
13313,13,313,no,0
15003,15,3,no,0
15001,15,1,no,0
15003,15,3,no,0
15005,15,5,no,0
15007,15,7,no,0
15009,15,9,no,0
16001,16,1,no,0
16003,16,3,no,0
16009,16,9,no,0
16015,16,15,no,0
16017,16,17,no,0
16021,16,21,no,0
16027,16,27,no,0
16035,16,35,no,0
16045,16,45,no,0
16049,16,49,no,0
16055,16,55,no,0
16057,16,57,no,0
16061,16,61,no,0
16069,16,69,no,0
16073,16,73,no,0
16075,16,75,no,0
16079,16,79,no,0
16085,16,85,no,0
16087,16,87,no,0
16001,16,1,no,0
16005,16,5,no,0
16007,16,7,no,0
16011,16,11,no,0
16013,16,13,no,0
16019,16,19,no,0
16023,16,23,no,0
16025,16,25,no,0
16029,16,29,no,0
16031,16,31,no,0
16033,16,33,no,0
16037,16,37,no,0
16039,16,39,no,0
16041,16,41,no,0
16043,16,43,no,0
16047,16,47,no,0
16051,16,51,no,0
16053,16,53,no,0
16059,16,59,no,0
16063,16,63,no,0
16065,16,65,no,0
16067,16,67,no,0
16071,16,71,no,0
16077,16,77,no,0
16081,16,81,no,0
16083,16,83,no,0
17031,17,31,no,0
17197,17,197,no,0
17031,17,31,no,0
17091,17,91,no,0
17197,17,197,no,0
17031,17,31,no,0
17043,17,43,no,0
17197,17,197,no,0
17031,17,31,no,0
17031,17,31,no,0
17043,17,43,no,0
17031,17,31,no,0
17043,17,43,no,0
17089,17,89,no,0
17097,17,97,no,0
17111,17,111,no,0
17031,17,31,no,0
17031,17,31,no,0
17043,17,43,no,0
17089,17,89,no,0
17031,17,31,no,0
17031,17,31,no,0
17097,17,97,no,0
17031,17,31,no,0
17043,17,43,no,0
17089,17,89,no,0
17093,17,93,no,0
17197,17,197,no,0
17003,17,3,yes,1
17055,17,55,yes,1
17077,17,77,yes,1
17081,17,81,yes,1
17119,17,119,yes,1
17133,17,133,yes,1
17145,17,145,yes,1
17153,17,153,yes,1
17157,17,157,yes,1
17163,17,163,yes,1
17181,17,181,yes,1
17199,17,199,yes,1
17005,17,5,no,0
17013,17,13,no,0
17019,17,19,no,0
17021,17,21,no,0
17039,17,39,no,0
17061,17,61,no,0
17083,17,83,no,0
17113,17,113,no,0
17115,17,115,no,0
17117,17,117,no,0
17119,17,119,no,0
17135,17,135,no,0
17147,17,147,no,0
17167,17,167,no,0
17037,17,37,yes,1
17043,17,43,yes,1
17089,17,89,yes,1
17093,17,93,yes,1
17097,17,97,yes,1
17111,17,111,yes,1
17197,17,197,yes,1
17005,17,5,no,0
17019,17,19,no,0
17023,17,23,no,0
17025,17,25,no,0
17027,17,27,no,0
17029,17,29,no,0
17033,17,33,no,0
17035,17,35,no,0
17041,17,41,no,0
17045,17,45,no,0
17047,17,47,no,0
17049,17,49,no,0
17051,17,51,no,0
17053,17,53,no,0
17059,17,59,no,0
17065,17,65,no,0
17069,17,69,no,0
17079,17,79,no,0
17087,17,87,no,0
17101,17,101,no,0
17119,17,119,no,0
17121,17,121,no,0
17127,17,127,no,0
17139,17,139,no,0
17151,17,151,no,0
17159,17,159,no,0
17165,17,165,no,0
17173,17,173,no,0
17183,17,183,no,0
17185,17,185,no,0
17189,17,189,no,0
17191,17,191,no,0
17193,17,193,no,0
17007,17,7,no,0
17011,17,11,no,0
17037,17,37,no,0
17053,17,53,no,0
17063,17,63,no,0
17075,17,75,no,0
17099,17,99,no,0
17103,17,103,no,0
17105,17,105,no,0
17141,17,141,no,0
17155,17,155,no,0
17175,17,175,no,0
17197,17,197,no,0
17201,17,201,no,0
17015,17,15,no,0
17057,17,57,no,0
17071,17,71,no,0
17073,17,73,no,0
17085,17,85,no,0
17095,17,95,no,0
17131,17,131,no,0
17143,17,143,no,0
17161,17,161,no,0
17177,17,177,no,0
17179,17,179,no,0
17187,17,187,no,0
17195,17,195,no,0
17201,17,201,no,0
17001,17,1,no,0
17009,17,9,no,0
17017,17,17,no,0
17067,17,67,no,0
17107,17,107,no,0
17109,17,109,no,0
17113,17,113,no,0
17123,17,123,no,0
17125,17,125,no,0
17129,17,129,no,0
17137,17,137,no,0
17143,17,143,no,0
17149,17,149,no,0
17167,17,167,no,0
17169,17,169,no,0
17171,17,171,no,0
17175,17,175,no,0
17179,17,179,no,0
17203,17,203,no,0
18089,18,89,no,0
18091,18,91,no,0
18127,18,127,no,0
18039,18,39,no,0
18049,18,49,no,0
18085,18,85,no,0
18091,18,91,no,0
18099,18,99,no,0
18103,18,103,no,0
18131,18,131,no,0
18141,18,141,no,0
18149,18,149,no,0
18169,18,169,no,0
18001,18,1,no,0
18003,18,3,no,0
18009,18,9,no,0
18033,18,33,no,0
18069,18,69,no,0
18075,18,75,no,0
18085,18,85,no,0
18087,18,87,no,0
18113,18,113,no,0
18151,18,151,no,0
18179,18,179,no,0
18183,18,183,no,0
18007,18,7,no,0
18011,18,11,no,0
18015,18,15,no,0
18017,18,17,no,0
18023,18,23,no,0
18045,18,45,no,0
18063,18,63,no,0
18067,18,67,no,0
18073,18,73,no,0
18107,18,107,no,0
18109,18,109,no,0
18111,18,111,no,0
18133,18,133,no,0
18157,18,157,no,0
18171,18,171,no,0
18181,18,181,no,0
18009,18,9,no,0
18011,18,11,no,0
18053,18,53,no,0
18057,18,57,no,0
18067,18,67,no,0
18095,18,95,no,0
18097,18,97,no,0
18159,18,159,no,0
18005,18,5,no,0
18029,18,29,no,0
18031,18,31,no,0
18035,18,35,no,0
18041,18,41,no,0
18047,18,47,no,0
18059,18,59,no,0
18065,18,65,no,0
18077,18,77,no,0
18079,18,79,no,0
18115,18,115,no,0
18135,18,135,no,0
18137,18,137,no,0
18139,18,139,no,0
18143,18,143,no,0
18145,18,145,no,0
18155,18,155,no,0
18161,18,161,no,0
18177,18,177,no,0
18097,18,97,no,0
18021,18,21,no,0
18025,18,25,no,0
18027,18,27,no,0
18037,18,37,no,0
18051,18,51,no,0
18055,18,55,no,0
18083,18,83,no,0
18101,18,101,no,0
18119,18,119,no,0
18121,18,121,no,0
18123,18,123,no,0
18125,18,125,no,0
18129,18,129,no,0
18147,18,147,no,0
18153,18,153,no,0
18163,18,163,no,0
18165,18,165,no,0
18167,18,167,no,0
18173,18,173,no,0
18013,18,13,no,0
18019,18,19,no,0
18025,18,25,no,0
18043,18,43,no,0
18061,18,61,no,0
18071,18,71,no,0
18081,18,81,no,0
18093,18,93,no,0
18105,18,105,no,0
18109,18,109,no,0
18117,18,117,no,0
18143,18,143,no,0
18175,18,175,no,0
19005,19,5,no,0
19011,19,11,no,0
19013,19,13,no,0
19017,19,17,no,0
19019,19,19,no,0
19043,19,43,no,0
19055,19,55,no,0
19061,19,61,no,0
19065,19,65,no,0
19089,19,89,no,0
19095,19,95,no,0
19097,19,97,no,0
19105,19,105,no,0
19113,19,113,no,0
19127,19,127,no,0
19131,19,131,no,0
19157,19,157,no,0
19171,19,171,no,0
19191,19,191,no,0
19195,19,195,no,0
19007,19,7,no,0
19031,19,31,no,0
19039,19,39,no,0
19045,19,45,no,0
19051,19,51,no,0
19053,19,53,no,0
19057,19,57,no,0
19087,19,87,no,0
19099,19,99,no,0
19101,19,101,no,0
19103,19,103,no,0
19107,19,107,no,0
19111,19,111,no,0
19115,19,115,no,0
19117,19,117,no,0
19123,19,123,no,0
19125,19,125,no,0
19135,19,135,no,0
19139,19,139,no,0
19163,19,163,no,0
19177,19,177,no,0
19179,19,179,no,0
19183,19,183,no,0
19185,19,185,no,0
19001,19,1,yes,1
19003,19,3,yes,1
19029,19,29,yes,1
19049,19,49,yes,1
19071,19,71,yes,1
19077,19,77,yes,1
19121,19,121,yes,1
19129,19,129,yes,1
19137,19,137,yes,1
19145,19,145,yes,1
19153,19,153,yes,1
19155,19,155,yes,1
19159,19,159,yes,1
19173,19,173,yes,1
19175,19,175,yes,1
19181,19,181,yes,1
19009,19,9,no,0
19015,19,15,no,0
19021,19,21,no,0
19023,19,23,no,0
19025,19,25,no,0
19027,19,27,no,0
19033,19,33,no,0
19035,19,35,no,0
19037,19,37,no,0
19041,19,41,no,0
19047,19,47,no,0
19059,19,59,no,0
19063,19,63,no,0
19067,19,67,no,0
19069,19,69,no,0
19073,19,73,no,0
19075,19,75,no,0
19079,19,79,no,0
19081,19,81,no,0
19083,19,83,no,0
19085,19,85,no,0
19091,19,91,no,0
19093,19,93,no,0
19109,19,109,no,0
19119,19,119,no,0
19133,19,133,no,0
19141,19,141,no,0
19143,19,143,no,0
19147,19,147,no,0
19149,19,149,no,0
19151,19,151,no,0
19161,19,161,no,0
19165,19,165,no,0
19167,19,167,no,0
19169,19,169,no,0
19187,19,187,no,0
19189,19,189,no,0
19193,19,193,no,0
19197,19,197,no,0
20009,20,9,no,0
20017,20,17,no,0
20023,20,23,no,0
20025,20,25,no,0
20027,20,27,no,0
20029,20,29,no,0
20039,20,39,no,0
20041,20,41,no,0
20051,20,51,no,0
20053,20,53,no,0
20055,20,55,no,0
20057,20,57,no,0
20061,20,61,no,0
20063,20,63,no,0
20065,20,65,no,0
20067,20,67,no,0
20069,20,69,no,0
20071,20,71,no,0
20075,20,75,no,0
20081,20,81,no,0
20083,20,83,no,0
20089,20,89,no,0
20093,20,93,no,0
20101,20,101,no,0
20105,20,105,no,0
20109,20,109,no,0
20111,20,111,no,0
20113,20,113,no,0
20115,20,115,no,0
20117,20,117,no,0
20119,20,119,no,0
20123,20,123,no,0
20127,20,127,no,0
20129,20,129,no,0
20135,20,135,no,0
20137,20,137,no,0
20141,20,141,no,0
20143,20,143,no,0
20145,20,145,no,0
20147,20,147,no,0
20149,20,149,no,0
20153,20,153,no,0
20155,20,155,no,0
20157,20,157,no,0
20159,20,159,no,0
20161,20,161,no,0
20163,20,163,no,0
20165,20,165,no,0
20167,20,167,no,0
20169,20,169,no,0
20171,20,171,no,0
20175,20,175,no,0
20179,20,179,no,0
20181,20,181,no,0
20183,20,183,no,0
20187,20,187,no,0
20189,20,189,no,0
20193,20,193,no,0
20195,20,195,no,0
20197,20,197,no,0
20199,20,199,no,0
20201,20,201,no,0
20203,20,203,no,0
20001,20,1,yes,1
20003,20,3,yes,1
20005,20,5,yes,1
20011,20,11,yes,1
20013,20,13,yes,1
20021,20,21,yes,1
20031,20,31,yes,1
20037,20,37,yes,1
20043,20,43,yes,1
20045,20,45,yes,1
20059,20,59,yes,1
20085,20,85,yes,1
20087,20,87,yes,1
20099,20,99,yes,1
20103,20,103,yes,1
20107,20,107,yes,1
20117,20,117,yes,1
20121,20,121,yes,1
20125,20,125,yes,1
20131,20,131,yes,1
20133,20,133,yes,1
20139,20,139,yes,1
20177,20,177,yes,1
20205,20,205,yes,1
20207,20,207,yes,1
20091,20,91,no,0
20121,20,121,no,0
20209,20,209,no,0
20007,20,7,no,0
20015,20,15,no,0
20019,20,19,no,0
20033,20,33,no,0
20035,20,35,no,0
20047,20,47,no,0
20049,20,49,no,0
20073,20,73,no,0
20077,20,77,no,0
20079,20,79,no,0
20095,20,95,no,0
20097,20,97,no,0
20145,20,145,no,0
20151,20,151,no,0
20173,20,173,no,0
20185,20,185,no,0
20191,20,191,no,0
21001,21,1,no,0
21003,21,3,no,0
21007,21,7,no,0
21033,21,33,no,0
21035,21,35,no,0
21039,21,39,no,0
21045,21,45,no,0
21047,21,47,no,0
21053,21,53,no,0
21055,21,55,no,0
21057,21,57,no,0
21075,21,75,no,0
21083,21,83,no,0
21101,21,101,no,0
21105,21,105,no,0
21107,21,107,no,0
21139,21,139,no,0
21141,21,141,no,0
21143,21,143,no,0
21145,21,145,no,0
21149,21,149,no,0
21155,21,155,no,0
21157,21,157,no,0
21169,21,169,no,0
21171,21,171,no,0
21177,21,177,no,0
21183,21,183,no,0
21207,21,207,no,0
21213,21,213,no,0
21217,21,217,no,0
21219,21,219,no,0
21221,21,221,no,0
21225,21,225,no,0
21229,21,229,no,0
21233,21,233,no,0
21009,21,9,no,0
21021,21,21,no,0
21027,21,27,no,0
21029,21,29,no,0
21031,21,31,no,0
21059,21,59,no,0
21061,21,61,no,0
21079,21,79,no,0
21085,21,85,no,0
21087,21,87,no,0
21091,21,91,no,0
21093,21,93,no,0
21099,21,99,no,0
21113,21,113,no,0
21123,21,123,no,0
21163,21,163,no,0
21167,21,167,no,0
21179,21,179,no,0
21215,21,215,no,0
21227,21,227,no,0
21229,21,229,no,0
21111,21,111,no,0
21015,21,15,no,0
21019,21,19,no,0
21023,21,23,no,0
21037,21,37,no,0
21041,21,41,no,0
21077,21,77,no,0
21081,21,81,no,0
21089,21,89,no,0
21097,21,97,no,0
21103,21,103,no,0
21111,21,111,no,0
21117,21,117,no,0
21135,21,135,no,0
21161,21,161,no,0
21185,21,185,no,0
21187,21,187,no,0
21191,21,191,no,0
21211,21,211,no,0
21215,21,215,no,0
21223,21,223,no,0
21013,21,13,no,0
21019,21,19,no,0
21025,21,25,no,0
21043,21,43,no,0
21051,21,51,no,0
21063,21,63,no,0
21071,21,71,no,0
21095,21,95,no,0
21109,21,109,no,0
21115,21,115,no,0
21119,21,119,no,0
21121,21,121,no,0
21125,21,125,no,0
21127,21,127,no,0
21129,21,129,no,0
21131,21,131,no,0
21133,21,133,no,0
21137,21,137,no,0
21147,21,147,no,0
21153,21,153,no,0
21159,21,159,no,0
21175,21,175,no,0
21189,21,189,no,0
21193,21,193,no,0
21195,21,195,no,0
21199,21,199,no,0
21203,21,203,no,0
21205,21,205,no,0
21231,21,231,no,0
21235,21,235,no,0
21005,21,5,yes,1
21011,21,11,yes,1
21017,21,17,yes,1
21049,21,49,yes,1
21065,21,65,yes,1
21067,21,67,yes,1
21069,21,69,yes,1
21073,21,73,yes,1
21097,21,97,yes,1
21113,21,113,yes,1
21151,21,151,yes,1
21165,21,165,yes,1
21173,21,173,yes,1
21181,21,181,yes,1
21197,21,197,yes,1
21201,21,201,yes,1
21209,21,209,yes,1
21237,21,237,yes,1
21239,21,239,yes,1
22051,22,51,no,0
22057,22,57,no,0
22071,22,71,no,0
22075,22,75,no,0
22087,22,87,no,0
22103,22,103,no,0
22105,22,105,no,0
22109,22,109,no,0
22005,22,5,no,0
22007,22,7,no,0
22033,22,33,no,0
22047,22,47,no,0
22051,22,51,no,0
22071,22,71,no,0
22089,22,89,no,0
22093,22,93,no,0
22095,22,95,no,0
22121,22,121,no,0
22001,22,1,no,0
22019,22,19,no,0
22023,22,23,no,0
22045,22,45,no,0
22053,22,53,no,0
22055,22,55,no,0
22097,22,97,no,0
22099,22,99,no,0
22101,22,101,no,0
22113,22,113,no,0
22003,22,3,no,0
22011,22,11,no,0
22013,22,13,no,0
22015,22,15,no,0
22017,22,17,no,0
22027,22,27,no,0
22031,22,31,no,0
22039,22,39,no,0
22069,22,69,no,0
22081,22,81,no,0
22085,22,85,no,0
22097,22,97,no,0
22111,22,111,no,0
22115,22,115,no,0
22119,22,119,no,0
22009,22,9,no,0
22021,22,21,no,0
22025,22,25,no,0
22029,22,29,no,0
22035,22,35,no,0
22037,22,37,no,0
22041,22,41,no,0
22043,22,43,no,0
22049,22,49,no,0
22059,22,59,no,0
22061,22,61,no,0
22065,22,65,no,0
22067,22,67,no,0
22073,22,73,no,0
22079,22,79,no,0
22083,22,83,no,0
22091,22,91,no,0
22097,22,97,no,0
22105,22,105,no,0
22107,22,107,no,0
22117,22,117,no,0
22123,22,123,no,0
22125,22,125,no,0
22127,22,127,no,0
22005,22,5,no,0
22007,22,7,no,0
22033,22,33,no,0
22037,22,37,no,0
22047,22,47,no,0
22057,22,57,no,0
22063,22,63,no,0
22077,22,77,no,0
22089,22,89,no,0
22091,22,91,no,0
22095,22,95,no,0
22109,22,109,no,0
22121,22,121,no,0
23005,23,5,no,0
23011,23,11,no,0
23013,23,13,no,0
23015,23,15,no,0
23023,23,23,no,0
23031,23,31,no,0
23001,23,1,yes,1
23003,23,3,yes,1
23007,23,7,yes,1
23009,23,9,yes,1
23011,23,11,yes,1
23017,23,17,yes,1
23019,23,19,yes,1
23021,23,21,yes,1
23025,23,25,yes,1
23027,23,27,yes,1
23029,23,29,yes,1
24005,24,5,no,0
24011,24,11,no,0
24013,24,13,no,0
24015,24,15,no,0
24019,24,19,no,0
24025,24,25,no,0
24029,24,29,no,0
24035,24,35,no,0
24039,24,39,no,0
24041,24,41,no,0
24045,24,45,no,0
24047,24,47,no,0
24003,24,3,no,0
24005,24,5,no,0
24025,24,25,no,0
24027,24,27,no,0
24510,24,510,no,0
24003,24,3,no,0
24005,24,5,no,0
24027,24,27,no,0
24031,24,31,no,0
24510,24,510,no,0
24003,24,3,no,0
24033,24,33,no,0
24003,24,3,no,0
24009,24,9,no,0
24017,24,17,no,0
24033,24,33,no,0
24037,24,37,no,0
24001,24,1,no,0
24021,24,21,no,0
24023,24,23,no,0
24031,24,31,no,0
24043,24,43,no,0
24005,24,5,no,0
24027,24,27,no,0
24510,24,510,no,0
24013,24,13,no,0
24021,24,21,no,0
24031,24,31,no,0
25003,25,3,no,0
25011,25,11,no,0
25013,25,13,no,0
25015,25,15,no,0
25027,25,27,no,0
25011,25,11,no,0
25013,25,13,no,0
25015,25,15,no,0
25021,25,21,no,0
25027,25,27,no,0
25009,25,9,no,0
25017,25,17,no,0
25027,25,27,no,0
25005,25,5,no,0
25017,25,17,no,0
25021,25,21,no,0
25023,25,23,no,0
25027,25,27,no,0
25017,25,17,no,0
25025,25,25,no,0
25027,25,27,no,0
25009,25,9,no,0
25017,25,17,no,0
25017,25,17,no,0
25021,25,21,no,0
25025,25,25,no,0
25005,25,5,no,0
25021,25,21,no,0
25023,25,23,no,0
25025,25,25,no,0
25001,25,1,no,0
25005,25,5,no,0
25007,25,7,no,0
25019,25,19,no,0
25023,25,23,no,0
26001,26,1,no,0
26003,26,3,no,0
26007,26,7,no,0
26009,26,9,no,0
26013,26,13,no,0
26019,26,19,no,0
26029,26,29,no,0
26031,26,31,no,0
26033,26,33,no,0
26039,26,39,no,0
26041,26,41,no,0
26043,26,43,no,0
26047,26,47,no,0
26053,26,53,no,0
26055,26,55,no,0
26061,26,61,no,0
26071,26,71,no,0
26079,26,79,no,0
26083,26,83,no,0
26089,26,89,no,0
26095,26,95,no,0
26097,26,97,no,0
26101,26,101,no,0
26103,26,103,no,0
26105,26,105,no,0
26109,26,109,no,0
26119,26,119,no,0
26131,26,131,no,0
26135,26,135,no,0
26137,26,137,no,0
26141,26,141,no,0
26153,26,153,no,0
26005,26,5,no,0
26081,26,81,no,0
26085,26,85,no,0
26105,26,105,no,0
26121,26,121,no,0
26123,26,123,no,0
26127,26,127,no,0
26139,26,139,no,0
26015,26,15,no,0
26025,26,25,no,0
26067,26,67,no,0
26081,26,81,no,0
26117,26,117,no,0
26035,26,35,no,0
26037,26,37,no,0
26051,26,51,no,0
26057,26,57,no,0
26073,26,73,no,0
26107,26,107,no,0
26111,26,111,no,0
26113,26,113,no,0
26117,26,117,no,0
26129,26,129,no,0
26133,26,133,no,0
26143,26,143,no,0
26145,26,145,no,0
26155,26,155,no,0
26165,26,165,no,0
26011,26,11,no,0
26017,26,17,no,0
26049,26,49,no,0
26069,26,69,no,0
26145,26,145,no,0
26157,26,157,no,0
26005,26,5,no,0
26021,26,21,no,0
26027,26,27,no,0
26077,26,77,no,0
26149,26,149,no,0
26159,26,159,no,0
26023,26,23,no,0
26045,26,45,no,0
26059,26,59,no,0
26075,26,75,no,0
26091,26,91,no,0
26115,26,115,no,0
26161,26,161,no,0
26065,26,65,yes,1
26093,26,93,yes,1
26125,26,125,yes,1
26099,26,99,no,0
26125,26,125,no,0
26063,26,63,no,0
26087,26,87,no,0
26099,26,99,no,0
26147,26,147,no,0
26151,26,151,no,0
26157,26,157,no,0
26125,26,125,no,0
26163,26,163,no,0
26161,26,161,no,0
26163,26,163,no,0
26163,26,163,no,0
26125,26,125,no,0
26163,26,163,no,0
27013,27,13,yes,1
27015,27,15,yes,1
27033,27,33,yes,1
27039,27,39,yes,1
27043,27,43,yes,1
27045,27,45,yes,1
27047,27,47,yes,1
27055,27,55,yes,1
27063,27,63,yes,1
27079,27,79,yes,1
27091,27,91,yes,1
27099,27,99,yes,1
27103,27,103,yes,1
27105,27,105,yes,1
27109,27,109,yes,1
27131,27,131,yes,1
27133,27,133,yes,1
27147,27,147,yes,1
27161,27,161,yes,1
27165,27,165,yes,1
27169,27,169,yes,1
27037,27,37,no,0
27049,27,49,no,0
27131,27,131,no,0
27139,27,139,no,0
27157,27,157,no,0
27163,27,163,no,0
27003,27,3,no,0
27019,27,19,no,0
27053,27,53,no,0
27123,27,123,no,0
27163,27,163,no,0
27003,27,3,no,0
27053,27,53,no,0
27123,27,123,no,0
27003,27,3,no,0
27009,27,9,no,0
27019,27,19,no,0
27053,27,53,no,0
27141,27,141,no,0
27145,27,145,no,0
27163,27,163,no,0
27171,27,171,no,0
27005,27,5,no,0
27007,27,7,no,0
27011,27,11,no,0
27023,27,23,no,0
27027,27,27,no,0
27029,27,29,no,0
27033,27,33,no,0
27041,27,41,no,0
27051,27,51,no,0
27067,27,67,no,0
27069,27,69,no,0
27073,27,73,no,0
27077,27,77,no,0
27081,27,81,no,0
27083,27,83,no,0
27085,27,85,no,0
27087,27,87,no,0
27089,27,89,no,0
27093,27,93,no,0
27101,27,101,no,0
27107,27,107,no,0
27111,27,111,no,0
27113,27,113,no,0
27117,27,117,no,0
27119,27,119,no,0
27121,27,121,no,0
27125,27,125,no,0
27127,27,127,no,0
27129,27,129,no,0
27135,27,135,no,0
27143,27,143,no,0
27145,27,145,no,0
27149,27,149,no,0
27151,27,151,no,0
27153,27,153,no,0
27155,27,155,no,0
27167,27,167,no,0
27173,27,173,no,0
27001,27,1,yes,1
27007,27,7,yes,1
27017,27,17,yes,1
27021,27,21,yes,1
27025,27,25,yes,1
27031,27,31,yes,1
27035,27,35,yes,1
27057,27,57,yes,1
27059,27,59,yes,1
27061,27,61,yes,1
27065,27,65,yes,1
27071,27,71,yes,1
27075,27,75,yes,1
27095,27,95,yes,1
27097,27,97,yes,1
27115,27,115,yes,1
27137,27,137,yes,1
27159,27,159,yes,1
28003,28,3,no,0
28009,28,9,no,0
28013,28,13,no,0
28017,28,17,no,0
28019,28,19,no,0
28025,28,25,no,0
28033,28,33,no,0
28057,28,57,no,0
28071,28,71,no,0
28081,28,81,no,0
28087,28,87,no,0
28093,28,93,no,0
28095,28,95,no,0
28105,28,105,no,0
28115,28,115,no,0
28117,28,117,no,0
28137,28,137,no,0
28139,28,139,no,0
28141,28,141,no,0
28145,28,145,no,0
28155,28,155,no,0
28159,28,159,no,0
28007,28,7,no,0
28011,28,11,no,0
28015,28,15,no,0
28021,28,21,no,0
28027,28,27,no,0
28029,28,29,no,0
28043,28,43,no,0
28049,28,49,no,0
28051,28,51,no,0
28053,28,53,no,0
28055,28,55,no,0
28063,28,63,no,0
28079,28,79,no,0
28083,28,83,no,0
28089,28,89,no,0
28097,28,97,no,0
28107,28,107,no,0
28119,28,119,no,0
28125,28,125,no,0
28133,28,133,no,0
28135,28,135,no,0
28143,28,143,no,0
28149,28,149,no,0
28151,28,151,no,0
28161,28,161,no,0
28163,28,163,no,0
28001,28,1,no,0
28005,28,5,no,0
28023,28,23,no,0
28031,28,31,no,0
28037,28,37,no,0
28049,28,49,no,0
28061,28,61,no,0
28065,28,65,no,0
28069,28,69,no,0
28075,28,75,no,0
28077,28,77,no,0
28085,28,85,no,0
28089,28,89,no,0
28099,28,99,no,0
28101,28,101,no,0
28103,28,103,no,0
28105,28,105,no,0
28113,28,113,no,0
28121,28,121,no,0
28123,28,123,no,0
28127,28,127,no,0
28129,28,129,no,0
28147,28,147,no,0
28157,28,157,no,0
28023,28,23,no,0
28035,28,35,no,0
28039,28,39,no,0
28041,28,41,no,0
28045,28,45,no,0
28047,28,47,no,0
28059,28,59,no,0
28067,28,67,no,0
28073,28,73,no,0
28091,28,91,no,0
28109,28,109,no,0
28111,28,111,no,0
28131,28,131,no,0
28153,28,153,no,0
29189,29,189,no,0
29510,29,510,no,0
29099,29,99,no,0
29183,29,183,no,0
29189,29,189,no,0
29027,29,27,no,0
29029,29,29,no,0
29051,29,51,no,0
29071,29,71,no,0
29073,29,73,no,0
29099,29,99,no,0
29113,29,113,no,0
29125,29,125,no,0
29131,29,131,no,0
29139,29,139,no,0
29151,29,151,no,0
29183,29,183,no,0
29219,29,219,no,0
29007,29,7,no,0
29011,29,11,no,0
29013,29,13,no,0
29015,29,15,no,0
29019,29,19,no,0
29029,29,29,no,0
29037,29,37,no,0
29039,29,39,no,0
29053,29,53,no,0
29057,29,57,no,0
29059,29,59,no,0
29083,29,83,no,0
29085,29,85,no,0
29089,29,89,no,0
29101,29,101,no,0
29105,29,105,no,0
29135,29,135,no,0
29141,29,141,no,0
29159,29,159,no,0
29169,29,169,no,0
29175,29,175,no,0
29185,29,185,no,0
29217,29,217,no,0
29225,29,225,no,0
29047,29,47,no,0
29095,29,95,no,0
29107,29,107,no,0
29177,29,177,no,0
29195,29,195,no,0
29001,29,1,no,0
29003,29,3,no,0
29005,29,5,no,0
29007,29,7,no,0
29021,29,21,no,0
29025,29,25,no,0
29033,29,33,no,0
29041,29,41,no,0
29045,29,45,no,0
29047,29,47,no,0
29049,29,49,no,0
29061,29,61,no,0
29063,29,63,no,0
29075,29,75,no,0
29079,29,79,no,0
29081,29,81,no,0
29087,29,87,no,0
29095,29,95,no,0
29103,29,103,no,0
29111,29,111,no,0
29115,29,115,no,0
29117,29,117,no,0
29121,29,121,no,0
29127,29,127,no,0
29129,29,129,no,0
29137,29,137,no,0
29147,29,147,no,0
29163,29,163,no,0
29165,29,165,no,0
29171,29,171,no,0
29173,29,173,no,0
29197,29,197,no,0
29199,29,199,no,0
29205,29,205,no,0
29211,29,211,no,0
29227,29,227,no,0
29009,29,9,no,0
29043,29,43,no,0
29077,29,77,no,0
29097,29,97,no,0
29109,29,109,no,0
29119,29,119,no,0
29145,29,145,no,0
29167,29,167,no,0
29209,29,209,no,0
29213,29,213,no,0
29225,29,225,no,0
29017,29,17,no,0
29023,29,23,no,0
29031,29,31,no,0
29035,29,35,no,0
29055,29,55,no,0
29065,29,65,no,0
29067,29,67,no,0
29069,29,69,no,0
29091,29,91,no,0
29093,29,93,no,0
29099,29,99,no,0
29123,29,123,no,0
29133,29,133,no,0
29143,29,143,no,0
29149,29,149,no,0
29153,29,153,no,0
29155,29,155,no,0
29157,29,157,no,0
29161,29,161,no,0
29179,29,179,no,0
29181,29,181,no,0
29186,29,186,no,0
29187,29,187,no,0
29201,29,201,no,0
29203,29,203,no,0
29207,29,207,no,0
29215,29,215,no,0
29221,29,221,no,0
29223,29,223,no,0
29229,29,229,no,0
30001,30,1,no,0
30003,30,3,no,0
30005,30,5,no,0
30007,30,7,no,0
30009,30,9,no,0
30011,30,11,no,0
30013,30,13,no,0
30015,30,15,no,0
30017,30,17,no,0
30019,30,19,no,0
30021,30,21,no,0
30023,30,23,no,0
30025,30,25,no,0
30027,30,27,no,0
30029,30,29,no,0
30031,30,31,no,0
30033,30,33,no,0
30035,30,35,no,0
30037,30,37,no,0
30039,30,39,no,0
30041,30,41,no,0
30043,30,43,no,0
30045,30,45,no,0
30047,30,47,no,0
30049,30,49,no,0
30051,30,51,no,0
30053,30,53,no,0
30055,30,55,no,0
30057,30,57,no,0
30059,30,59,no,0
30061,30,61,no,0
30063,30,63,no,0
30065,30,65,no,0
30067,30,67,no,0
30069,30,69,no,0
30071,30,71,no,0
30073,30,73,no,0
30075,30,75,no,0
30077,30,77,no,0
30079,30,79,no,0
30081,30,81,no,0
30083,30,83,no,0
30085,30,85,no,0
30087,30,87,no,0
30089,30,89,no,0
30091,30,91,no,0
30093,30,93,no,0
30095,30,95,no,0
30097,30,97,no,0
30099,30,99,no,0
30101,30,101,no,0
30103,30,103,no,0
30105,30,105,no,0
30107,30,107,no,0
30109,30,109,no,0
30111,30,111,no,0
31021,31,21,no,0
31023,31,23,no,0
31025,31,25,no,0
31037,31,37,no,0
31039,31,39,no,0
31051,31,51,no,0
31053,31,53,no,0
31109,31,109,no,0
31119,31,119,no,0
31131,31,131,no,0
31141,31,141,no,0
31143,31,143,no,0
31153,31,153,no,0
31155,31,155,no,0
31159,31,159,no,0
31167,31,167,no,0
31173,31,173,no,0
31177,31,177,no,0
31055,31,55,no,0
31153,31,153,no,0
31001,31,1,no,0
31003,31,3,no,0
31005,31,5,no,0
31007,31,7,no,0
31009,31,9,no,0
31011,31,11,no,0
31013,31,13,no,0
31015,31,15,no,0
31017,31,17,no,0
31019,31,19,no,0
31027,31,27,no,0
31029,31,29,no,0
31031,31,31,no,0
31033,31,33,no,0
31035,31,35,no,0
31041,31,41,no,0
31043,31,43,no,0
31045,31,45,no,0
31047,31,47,no,0
31049,31,49,no,0
31051,31,51,no,0
31057,31,57,no,0
31059,31,59,no,0
31061,31,61,no,0
31063,31,63,no,0
31065,31,65,no,0
31067,31,67,no,0
31069,31,69,no,0
31071,31,71,no,0
31073,31,73,no,0
31075,31,75,no,0
31077,31,77,no,0
31079,31,79,no,0
31081,31,81,no,0
31083,31,83,no,0
31085,31,85,no,0
31087,31,87,no,0
31089,31,89,no,0
31091,31,91,no,0
31093,31,93,no,0
31095,31,95,no,0
31097,31,97,no,0
31099,31,99,no,0
31101,31,101,no,0
31103,31,103,no,0
31105,31,105,no,0
31107,31,107,no,0
31111,31,111,no,0
31113,31,113,no,0
31115,31,115,no,0
31117,31,117,no,0
31121,31,121,no,0
31123,31,123,no,0
31125,31,125,no,0
31127,31,127,no,0
31129,31,129,no,0
31133,31,133,no,0
31135,31,135,no,0
31137,31,137,no,0
31139,31,139,no,0
31145,31,145,no,0
31147,31,147,no,0
31149,31,149,no,0
31151,31,151,no,0
31157,31,157,no,0
31161,31,161,no,0
31163,31,163,no,0
31165,31,165,no,0
31169,31,169,no,0
31171,31,171,no,0
31175,31,175,no,0
31179,31,179,no,0
31181,31,181,no,0
31183,31,183,no,0
31185,31,185,no,0
32003,32,3,no,0
32001,32,1,no,0
32005,32,5,no,0
32007,32,7,no,0
32011,32,11,no,0
32013,32,13,no,0
32015,32,15,no,0
32019,32,19,no,0
32027,32,27,no,0
32029,32,29,no,0
32031,32,31,no,0
32510,32,510,no,0
32003,32,3,no,0
32003,32,3,no,0
32009,32,9,no,0
32017,32,17,no,0
32019,32,19,no,0
32021,32,21,no,0
32023,32,23,no,0
32033,32,33,no,0
33001,33,1,no,0
33003,33,3,no,0
33009,33,9,no,0
33011,33,11,no,0
33013,33,13,no,0
33015,33,15,no,0
33017,33,17,no,0
33001,33,1,no,0
33005,33,5,no,0
33007,33,7,no,0
33009,33,9,no,0
33011,33,11,no,0
33013,33,13,no,0
33015,33,15,no,0
33019,33,19,no,0
34005,34,5,no,0
34007,34,7,no,0
34015,34,15,no,0
34001,34,1,no,0
34005,34,5,no,0
34007,34,7,no,0
34009,34,9,no,0
34011,34,11,no,0
34015,34,15,no,0
34029,34,29,no,0
34033,34,33,no,0
34005,34,5,yes,1
34029,34,29,yes,1
34021,34,21,no,0
34025,34,25,no,0
34029,34,29,no,0
34003,34,3,no,0
34031,34,31,no,0
34037,34,37,no,0
34041,34,41,no,0
34023,34,23,no,0
34025,34,25,no,0
34013,34,13,yes,1
34019,34,19,yes,1
34027,34,27,yes,1
34035,34,35,yes,1
34039,34,39,yes,1
34041,34,41,yes,1
34003,34,3,no,0
34013,34,13,no,0
34017,34,17,no,0
34039,34,39,no,0
34003,34,3,no,0
34017,34,17,no,0
34031,34,31,no,0
34013,34,13,no,0
34017,34,17,no,0
34039,34,39,no,0
34013,34,13,no,0
34027,34,27,no,0
34031,34,31,no,0
34037,34,37,no,0
34021,34,21,no,0
34023,34,23,no,0
34035,34,35,no,0
34039,34,39,no,0
35001,35,1,no,0
35043,35,43,no,0
35049,35,49,no,0
35057,35,57,no,0
35061,35,61,no,0
35001,35,1,yes,1
35003,35,3,yes,1
35005,35,5,yes,1
35006,35,6,yes,1
35011,35,11,yes,1
35013,35,13,yes,1
35015,35,15,yes,1
35017,35,17,yes,1
35019,35,19,yes,1
35023,35,23,yes,1
35025,35,25,yes,1
35027,35,27,yes,1
35029,35,29,yes,1
35031,35,31,yes,1
35035,35,35,yes,1
35041,35,41,yes,1
35051,35,51,yes,1
35053,35,53,yes,1
35061,35,61,yes,1
35001,35,1,no,0
35007,35,7,no,0
35009,35,9,no,0
35021,35,21,no,0
35028,35,28,no,0
35031,35,31,no,0
35033,35,33,no,0
35037,35,37,no,0
35039,35,39,no,0
35041,35,41,no,0
35043,35,43,no,0
35045,35,45,no,0
35047,35,47,no,0
35049,35,49,no,0
35055,35,55,no,0
35059,35,59,no,0
36103,36,103,no,0
36059,36,59,no,0
36103,36,103,no,0
36059,36,59,no,0
36081,36,81,no,0
36103,36,103,no,0
36059,36,59,no,0
36059,36,59,no,0
36081,36,81,no,0
36081,36,81,no,0
36047,36,47,no,0
36061,36,61,no,0
36081,36,81,no,0
36047,36,47,no,0
36081,36,81,no,0
36047,36,47,no,0
36047,36,47,no,0
36061,36,61,no,0
36047,36,47,no,0
36085,36,85,no,0
36047,36,47,no,0
36061,36,61,no,0
36081,36,81,no,0
36005,36,5,no,0
36061,36,61,no,0
36005,36,5,no,0
36081,36,81,no,0
36005,36,5,no,0
36005,36,5,no,0
36119,36,119,no,0
36087,36,87,no,0
36119,36,119,no,0
36027,36,27,no,0
36071,36,71,no,0
36079,36,79,no,0
36119,36,119,no,0
36007,36,7,yes,1
36021,36,21,yes,1
36025,36,25,yes,1
36027,36,27,yes,1
36039,36,39,yes,1
36057,36,57,yes,1
36077,36,77,yes,1
36083,36,83,yes,1
36095,36,95,yes,1
36105,36,105,yes,1
36111,36,111,yes,1
36001,36,1,no,0
36057,36,57,no,0
36083,36,83,no,0
36091,36,91,no,0
36093,36,93,no,0
36019,36,19,no,0
36031,36,31,no,0
36033,36,33,no,0
36035,36,35,no,0
36041,36,41,no,0
36043,36,43,no,0
36045,36,45,no,0
36049,36,49,no,0
36089,36,89,no,0
36091,36,91,no,0
36113,36,113,no,0
36115,36,115,no,0
36007,36,7,yes,1
36017,36,17,yes,1
36023,36,23,yes,1
36043,36,43,yes,1
36053,36,53,yes,1
36065,36,65,yes,1
36075,36,75,yes,1
36107,36,107,yes,1
36003,36,3,no,0
36009,36,9,no,0
36013,36,13,no,0
36015,36,15,no,0
36069,36,69,no,0
36097,36,97,no,0
36099,36,99,no,0
36101,36,101,no,0
36107,36,107,no,0
36109,36,109,no,0
36123,36,123,no,0
36011,36,11,no,0
36067,36,67,no,0
36075,36,75,no,0
36117,36,117,no,0
36055,36,55,no,0
36029,36,29,no,0
36063,36,63,no,0
36029,36,29,no,0
36037,36,37,no,0
36051,36,51,no,0
36055,36,55,no,0
36063,36,63,no,0
36069,36,69,no,0
36073,36,73,no,0
36121,36,121,no,0
37015,37,15,no,0
37063,37,63,no,0
37065,37,65,no,0
37073,37,73,no,0
37077,37,77,no,0
37083,37,83,no,0
37091,37,91,no,0
37117,37,117,no,0
37131,37,131,no,0
37147,37,147,no,0
37181,37,181,no,0
37185,37,185,no,0
37187,37,187,no,0
37195,37,195,no,0
37069,37,69,no,0
37085,37,85,no,0
37101,37,101,no,0
37127,37,127,no,0
37183,37,183,no,0
37195,37,195,no,0
37013,37,13,no,0
37029,37,29,no,0
37031,37,31,no,0
37041,37,41,no,0
37049,37,49,no,0
37053,37,53,no,0
37055,37,55,no,0
37079,37,79,no,0
37095,37,95,no,0
37103,37,103,no,0
37107,37,107,no,0
37133,37,133,no,0
37137,37,137,no,0
37139,37,139,no,0
37143,37,143,no,0
37147,37,147,no,0
37177,37,177,no,0
37063,37,63,no,0
37135,37,135,no,0
37183,37,183,no,0
37003,37,3,no,0
37005,37,5,no,0
37009,37,9,no,0
37011,37,11,no,0
37035,37,35,no,0
37067,37,67,no,0
37169,37,169,no,0
37171,37,171,no,0
37189,37,189,no,0
37193,37,193,no,0
37197,37,197,no,0
37001,37,1,no,0
37033,37,33,no,0
37037,37,37,no,0
37081,37,81,no,0
37105,37,105,no,0
37145,37,145,no,0
37151,37,151,no,0
37157,37,157,no,0
37017,37,17,no,0
37019,37,19,no,0
37047,37,47,no,0
37061,37,61,no,0
37101,37,101,no,0
37129,37,129,no,0
37141,37,141,no,0
37163,37,163,no,0
37191,37,191,no,0
37025,37,25,no,0
37051,37,51,no,0
37093,37,93,no,0
37123,37,123,no,0
37125,37,125,no,0
37159,37,159,no,0
37167,37,167,no,0
37007,37,7,yes,1
37017,37,17,yes,1
37051,37,51,yes,1
37119,37,119,yes,1
37153,37,153,yes,1
37155,37,155,yes,1
37165,37,165,yes,1
37179,37,179,yes,1
37021,37,21,no,0
37035,37,35,no,0
37045,37,45,no,0
37071,37,71,no,0
37097,37,97,no,0
37109,37,109,no,0
37149,37,149,no,0
37161,37,161,no,0
37021,37,21,no,0
37023,37,23,no,0
37027,37,27,no,0
37039,37,39,no,0
37043,37,43,no,0
37075,37,75,no,0
37087,37,87,no,0
37089,37,89,no,0
37099,37,99,no,0
37111,37,111,no,0
37113,37,113,no,0
37115,37,115,no,0
37121,37,121,no,0
37173,37,173,no,0
37175,37,175,no,0
37199,37,199,no,0
37119,37,119,no,0
37057,37,57,yes,1
37059,37,59,yes,1
37081,37,81,yes,1
37097,37,97,yes,1
37159,37,159,yes,1
38001,38,1,no,0
38003,38,3,no,0
38005,38,5,no,0
38007,38,7,no,0
38009,38,9,no,0
38011,38,11,no,0
38013,38,13,no,0
38015,38,15,no,0
38017,38,17,no,0
38019,38,19,no,0
38021,38,21,no,0
38023,38,23,no,0
38025,38,25,no,0
38027,38,27,no,0
38029,38,29,no,0
38031,38,31,no,0
38033,38,33,no,0
38035,38,35,no,0
38037,38,37,no,0
38039,38,39,no,0
38041,38,41,no,0
38043,38,43,no,0
38045,38,45,no,0
38047,38,47,no,0
38049,38,49,no,0
38051,38,51,no,0
38053,38,53,no,0
38055,38,55,no,0
38057,38,57,no,0
38059,38,59,no,0
38061,38,61,no,0
38063,38,63,no,0
38065,38,65,no,0
38067,38,67,no,0
38069,38,69,no,0
38071,38,71,no,0
38073,38,73,no,0
38075,38,75,no,0
38077,38,77,no,0
38079,38,79,no,0
38081,38,81,no,0
38083,38,83,no,0
38085,38,85,no,0
38087,38,87,no,0
38089,38,89,no,0
38091,38,91,no,0
38093,38,93,no,0
38095,38,95,no,0
38097,38,97,no,0
38099,38,99,no,0
38101,38,101,no,0
38103,38,103,no,0
38105,38,105,no,0
39061,39,61,yes,1
39165,39,165,yes,1
39001,39,1,no,0
39015,39,15,no,0
39025,39,25,no,0
39061,39,61,no,0
39071,39,71,no,0
39131,39,131,no,0
39141,39,141,no,0
39145,39,145,no,0
39049,39,49,no,0
39003,39,3,no,0
39011,39,11,no,0
39021,39,21,no,0
39033,39,33,no,0
39043,39,43,no,0
39077,39,77,no,0
39091,39,91,no,0
39093,39,93,no,0
39101,39,101,no,0
39107,39,107,no,0
39143,39,143,no,0
39147,39,147,no,0
39149,39,149,no,0
39159,39,159,no,0
39039,39,39,no,0
39051,39,51,no,0
39063,39,63,no,0
39065,39,65,no,0
39069,39,69,no,0
39095,39,95,no,0
39107,39,107,no,0
39123,39,123,no,0
39125,39,125,no,0
39137,39,137,no,0
39161,39,161,no,0
39171,39,171,no,0
39173,39,173,no,0
39175,39,175,no,0
39009,39,9,no,0
39013,39,13,no,0
39019,39,19,no,0
39029,39,29,no,0
39053,39,53,no,0
39059,39,59,no,0
39067,39,67,no,0
39079,39,79,no,0
39081,39,81,no,0
39087,39,87,no,0
39099,39,99,no,0
39105,39,105,no,0
39111,39,111,no,0
39119,39,119,no,0
39121,39,121,no,0
39145,39,145,no,0
39157,39,157,no,0
39167,39,167,no,0
39005,39,5,no,0
39031,39,31,no,0
39075,39,75,no,0
39077,39,77,no,0
39083,39,83,no,0
39093,39,93,no,0
39103,39,103,no,0
39139,39,139,no,0
39151,39,151,no,0
39157,39,157,no,0
39017,39,17,no,0
39023,39,23,no,0
39037,39,37,no,0
39107,39,107,no,0
39109,39,109,no,0
39135,39,135,no,0
39035,39,35,no,0
39043,39,43,no,0
39093,39,93,no,0
39095,39,95,no,0
39123,39,123,no,0
39047,39,47,no,0
39057,39,57,no,0
39113,39,113,no,0
39035,39,35,no,0
39153,39,153,no,0
39041,39,41,no,0
39049,39,49,no,0
39089,39,89,no,0
39101,39,101,no,0
39117,39,117,no,0
39119,39,119,no,0
39139,39,139,no,0
39099,39,99,no,0
39133,39,133,no,0
39151,39,151,no,0
39153,39,153,no,0
39155,39,155,no,0
39007,39,7,no,0
39035,39,35,no,0
39055,39,55,no,0
39085,39,85,no,0
39133,39,133,no,0
39153,39,153,no,0
39155,39,155,no,0
39009,39,9,no,0
39027,39,27,no,0
39045,39,45,no,0
39047,39,47,no,0
39049,39,49,no,0
39073,39,73,no,0
39097,39,97,no,0
39115,39,115,no,0
39127,39,127,no,0
39129,39,129,no,0
39141,39,141,no,0
39163,39,163,no,0
39035,39,35,no,0
39103,39,103,no,0
39133,39,133,no,0
39151,39,151,no,0
39153,39,153,no,0
39169,39,169,no,0
40037,40,37,no,0
40131,40,131,no,0
40143,40,143,no,0
40145,40,145,no,0
40147,40,147,no,0
40001,40,1,no,0
40005,40,5,no,0
40013,40,13,no,0
40021,40,21,no,0
40023,40,23,no,0
40029,40,29,no,0
40035,40,35,no,0
40041,40,41,no,0
40061,40,61,no,0
40063,40,63,no,0
40069,40,69,no,0
40077,40,77,no,0
40079,40,79,no,0
40089,40,89,no,0
40091,40,91,no,0
40095,40,95,no,0
40097,40,97,no,0
40101,40,101,no,0
40105,40,105,no,0
40107,40,107,no,0
40111,40,111,no,0
40115,40,115,no,0
40121,40,121,no,0
40127,40,127,no,0
40131,40,131,no,0
40135,40,135,no,0
40003,40,3,no,0
40007,40,7,no,0
40009,40,9,no,0
40011,40,11,no,0
40015,40,15,no,0
40017,40,17,no,0
40025,40,25,no,0
40037,40,37,no,0
40039,40,39,no,0
40043,40,43,no,0
40045,40,45,no,0
40047,40,47,no,0
40053,40,53,no,0
40055,40,55,no,0
40057,40,57,no,0
40059,40,59,no,0
40065,40,65,no,0
40071,40,71,no,0
40073,40,73,no,0
40075,40,75,no,0
40081,40,81,no,0
40083,40,83,no,0
40093,40,93,no,0
40103,40,103,no,0
40113,40,113,no,0
40117,40,117,no,0
40119,40,119,no,0
40129,40,129,no,0
40139,40,139,no,0
40149,40,149,no,0
40151,40,151,no,0
40153,40,153,no,0
40017,40,17,no,0
40019,40,19,no,0
40027,40,27,no,0
40031,40,31,no,0
40033,40,33,no,0
40049,40,49,no,0
40051,40,51,no,0
40067,40,67,no,0
40085,40,85,no,0
40087,40,87,no,0
40099,40,99,no,0
40109,40,109,no,0
40123,40,123,no,0
40137,40,137,no,0
40141,40,141,no,0
40109,40,109,no,0
40125,40,125,no,0
40133,40,133,no,0
41007,41,7,no,0
41009,41,9,no,0
41051,41,51,no,0
41067,41,67,no,0
41071,41,71,no,0
41001,41,1,no,0
41013,41,13,no,0
41017,41,17,no,0
41021,41,21,no,0
41023,41,23,no,0
41025,41,25,no,0
41027,41,27,no,0
41029,41,29,no,0
41031,41,31,no,0
41033,41,33,no,0
41035,41,35,no,0
41037,41,37,no,0
41045,41,45,no,0
41049,41,49,no,0
41055,41,55,no,0
41059,41,59,no,0
41061,41,61,no,0
41063,41,63,no,0
41065,41,65,no,0
41069,41,69,no,0
41005,41,5,no,0
41051,41,51,no,0
41003,41,3,no,0
41011,41,11,no,0
41015,41,15,no,0
41019,41,19,no,0
41033,41,33,no,0
41039,41,39,no,0
41043,41,43,no,0
41003,41,3,no,0
41005,41,5,no,0
41041,41,41,no,0
41047,41,47,no,0
41051,41,51,no,0
41053,41,53,no,0
41057,41,57,no,0
42045,42,45,yes,1
42101,42,101,yes,1
42091,42,91,no,0
42101,42,101,no,0
42005,42,5,no,0
42019,42,19,no,0
42031,42,31,no,0
42039,42,39,no,0
42049,42,49,no,0
42073,42,73,no,0
42085,42,85,no,0
42001,42,1,no,0
42041,42,41,no,0
42043,42,43,no,0
42133,42,133,no,0
42023,42,23,no,0
42027,42,27,no,0
42031,42,31,no,0
42033,42,33,no,0
42035,42,35,no,0
42039,42,39,no,0
42047,42,47,no,0
42049,42,49,no,0
42053,42,53,no,0
42061,42,61,no,0
42065,42,65,no,0
42083,42,83,no,0
42105,42,105,no,0
42117,42,117,no,0
42121,42,121,no,0
42123,42,123,no,0
42011,42,11,no,0
42029,42,29,no,0
42075,42,75,no,0
42091,42,91,no,0
42011,42,11,no,0
42029,42,29,no,0
42045,42,45,no,0
42071,42,71,no,0
42091,42,91,no,0
42017,42,17,no,0
42091,42,91,no,0
42009,42,9,no,0
42013,42,13,no,0
42021,42,21,no,0
42051,42,51,no,0
42055,42,55,no,0
42057,42,57,no,0
42059,42,59,no,0
42061,42,61,no,0
42063,42,63,no,0
42111,42,111,no,0
42125,42,125,no,0
42129,42,129,no,0
42015,42,15,no,0
42067,42,67,no,0
42069,42,69,no,0
42081,42,81,no,0
42087,42,87,no,0
42089,42,89,no,0
42097,42,97,no,0
42099,42,99,no,0
42103,42,103,no,0
42109,42,109,no,0
42113,42,113,no,0
42115,42,115,no,0
42117,42,117,no,0
42119,42,119,no,0
42127,42,127,no,0
42025,42,25,no,0
42037,42,37,no,0
42041,42,41,no,0
42043,42,43,no,0
42079,42,79,no,0
42093,42,93,no,0
42097,42,97,no,0
42099,42,99,no,0
42131,42,131,no,0
42003,42,3,no,0
42007,42,7,no,0
42021,42,21,no,0
42073,42,73,no,0
42111,42,111,no,0
42129,42,129,no,0
42091,42,91,no,0
42101,42,101,no,0
42003,42,3,no,0
42129,42,129,no,0
42011,42,11,no,0
42043,42,43,no,0
42075,42,75,no,0
42077,42,77,no,0
42095,42,95,no,0
42011,42,11,no,0
42029,42,29,no,0
42071,42,71,no,0
42025,42,25,no,0
42069,42,69,no,0
42079,42,79,no,0
42089,42,89,no,0
42095,42,95,no,0
42107,42,107,no,0
42003,42,3,no,0
42059,42,59,no,0
42125,42,125,no,0
42129,42,129,no,0
44001,44,1,no,0
44005,44,5,no,0
44007,44,7,no,0
44003,44,3,no,0
44007,44,7,no,0
44009,44,9,no,0
45013,45,13,no,0
45015,45,15,no,0
45019,45,19,no,0
45029,45,29,no,0
45035,45,35,no,0
45003,45,3,no,0
45011,45,11,no,0
45063,45,63,no,0
45075,45,75,no,0
45079,45,79,no,0
45001,45,1,no,0
45007,45,7,no,0
45037,45,37,no,0
45045,45,45,no,0
45047,45,47,no,0
45059,45,59,no,0
45065,45,65,no,0
45071,45,71,no,0
45073,45,73,no,0
45077,45,77,no,0
45081,45,81,no,0
45045,45,45,no,0
45083,45,83,no,0
45021,45,21,no,0
45023,45,23,no,0
45039,45,39,no,0
45055,45,55,no,0
45057,45,57,no,0
45061,45,61,no,0
45071,45,71,no,0
45083,45,83,no,0
45085,45,85,no,0
45087,45,87,no,0
45091,45,91,no,0
45005,45,5,no,0
45009,45,9,no,0
45013,45,13,no,0
45015,45,15,no,0
45017,45,17,no,0
45019,45,19,no,0
45027,45,27,no,0
45029,45,29,no,0
45035,45,35,no,0
45041,45,41,no,0
45049,45,49,no,0
45053,45,53,no,0
45075,45,75,no,0
45079,45,79,no,0
45085,45,85,no,0
45089,45,89,no,0
45025,45,25,no,0
45031,45,31,no,0
45033,45,33,no,0
45041,45,41,no,0
45043,45,43,no,0
45051,45,51,no,0
45067,45,67,no,0
45069,45,69,no,0
46003,46,3,no,0
46005,46,5,no,0
46007,46,7,no,0
46009,46,9,no,0
46011,46,11,no,0
46013,46,13,no,0
46015,46,15,no,0
46017,46,17,no,0
46019,46,19,no,0
46021,46,21,no,0
46023,46,23,no,0
46025,46,25,no,0
46027,46,27,no,0
46029,46,29,no,0
46031,46,31,no,0
46033,46,33,no,0
46035,46,35,no,0
46037,46,37,no,0
46039,46,39,no,0
46041,46,41,no,0
46043,46,43,no,0
46045,46,45,no,0
46047,46,47,no,0
46049,46,49,no,0
46051,46,51,no,0
46053,46,53,no,0
46055,46,55,no,0
46057,46,57,no,0
46059,46,59,no,0
46061,46,61,no,0
46063,46,63,no,0
46065,46,65,no,0
46067,46,67,no,0
46069,46,69,no,0
46071,46,71,no,0
46073,46,73,no,0
46075,46,75,no,0
46077,46,77,no,0
46079,46,79,no,0
46081,46,81,no,0
46083,46,83,no,0
46085,46,85,no,0
46087,46,87,no,0
46089,46,89,no,0
46091,46,91,no,0
46093,46,93,no,0
46095,46,95,no,0
46097,46,97,no,0
46099,46,99,no,0
46101,46,101,no,0
46102,46,102,no,0
46103,46,103,no,0
46105,46,105,no,0
46107,46,107,no,0
46109,46,109,no,0
46111,46,111,no,0
46115,46,115,no,0
46117,46,117,no,0
46119,46,119,no,0
46121,46,121,no,0
46123,46,123,no,0
46125,46,125,no,0
46127,46,127,no,0
46129,46,129,no,0
46135,46,135,no,0
46137,46,137,no,0
47019,47,19,no,0
47029,47,29,no,0
47059,47,59,no,0
47063,47,63,no,0
47067,47,67,no,0
47073,47,73,no,0
47089,47,89,no,0
47091,47,91,no,0
47155,47,155,no,0
47163,47,163,no,0
47171,47,171,no,0
47179,47,179,no,0
47009,47,9,no,0
47013,47,13,no,0
47025,47,25,no,0
47057,47,57,no,0
47089,47,89,no,0
47093,47,93,no,0
47105,47,105,no,0
47001,47,1,no,0
47011,47,11,no,0
47013,47,13,no,0
47065,47,65,no,0
47107,47,107,no,0
47123,47,123,no,0
47129,47,129,no,0
47139,47,139,no,0
47145,47,145,no,0
47151,47,151,no,0
47173,47,173,no,0
47003,47,3,no,0
47007,47,7,no,0
47011,47,11,no,0
47051,47,51,no,0
47061,47,61,no,0
47103,47,103,no,0
47115,47,115,no,0
47117,47,117,no,0
47119,47,119,no,0
47121,47,121,no,0
47127,47,127,no,0
47143,47,143,no,0
47149,47,149,no,0
47153,47,153,no,0
47175,47,175,no,0
47177,47,177,no,0
47021,47,21,no,0
47037,47,37,no,0
47043,47,43,no,0
47015,47,15,no,0
47021,47,21,no,0
47027,47,27,no,0
47031,47,31,no,0
47035,47,35,no,0
47041,47,41,no,0
47049,47,49,no,0
47087,47,87,no,0
47111,47,111,no,0
47133,47,133,no,0
47137,47,137,no,0
47141,47,141,no,0
47147,47,147,no,0
47159,47,159,no,0
47165,47,165,no,0
47169,47,169,no,0
47175,47,175,no,0
47185,47,185,no,0
47189,47,189,no,0
47005,47,5,no,0
47023,47,23,no,0
47039,47,39,no,0
47055,47,55,no,0
47069,47,69,no,0
47071,47,71,no,0
47077,47,77,no,0
47081,47,81,no,0
47083,47,83,no,0
47085,47,85,no,0
47099,47,99,no,0
47101,47,101,no,0
47109,47,109,no,0
47119,47,119,no,0
47125,47,125,no,0
47135,47,135,no,0
47161,47,161,no,0
47181,47,181,no,0
47187,47,187,no,0
47005,47,5,no,0
47017,47,17,no,0
47033,47,33,no,0
47045,47,45,no,0
47047,47,47,no,0
47053,47,53,no,0
47075,47,75,no,0
47079,47,79,no,0
47095,47,95,no,0
47097,47,97,no,0
47113,47,113,no,0
47131,47,131,no,0
47157,47,157,no,0
47167,47,167,no,0
47183,47,183,no,0
47157,47,157,no,0
48005,48,5,no,0
48183,48,183,no,0
48203,48,203,no,0
48347,48,347,no,0
48365,48,365,no,0
48401,48,401,no,0
48403,48,403,no,0
48405,48,405,no,0
48419,48,419,no,0
48423,48,423,no,0
48459,48,459,no,0
48499,48,499,no,0
48201,48,201,no,0
48085,48,85,no,0
48037,48,37,no,0
48063,48,63,no,0
48067,48,67,no,0
48085,48,85,no,0
48119,48,119,no,0
48147,48,147,no,0
48159,48,159,no,0
48181,48,181,no,0
48223,48,223,no,0
48231,48,231,no,0
48277,48,277,no,0
48315,48,315,no,0
48343,48,343,no,0
48379,48,379,no,0
48387,48,387,no,0
48397,48,397,no,0
48449,48,449,no,0
48459,48,459,no,0
48001,48,1,no,0
48073,48,73,no,0
48113,48,113,no,0
48213,48,213,no,0
48257,48,257,no,0
48467,48,467,no,0
48499,48,499,no,0
48139,48,139,no,0
48349,48,349,no,0
48439,48,439,no,0
48201,48,201,yes,1
48185,48,185,no,0
48201,48,201,no,0
48225,48,225,no,0
48289,48,289,no,0
48313,48,313,no,0
48339,48,339,no,0
48407,48,407,no,0
48455,48,455,no,0
48471,48,471,no,0
48157,48,157,no,0
48201,48,201,no,0
48015,48,15,no,0
48021,48,21,no,0
48089,48,89,no,0
48149,48,149,no,0
48201,48,201,no,0
48287,48,287,no,0
48453,48,453,no,0
48473,48,473,no,0
48477,48,477,no,0
48003,48,3,no,0
48049,48,49,no,0
48059,48,59,no,0
48081,48,81,no,0
48083,48,83,no,0
48093,48,93,no,0
48095,48,95,no,0
48115,48,115,no,0
48133,48,133,no,0
48135,48,135,no,0
48143,48,143,no,0
48173,48,173,no,0
48221,48,221,no,0
48235,48,235,no,0
48267,48,267,no,0
48299,48,299,no,0
48307,48,307,no,0
48317,48,317,no,0
48319,48,319,no,0
48327,48,327,no,0
48329,48,329,no,0
48333,48,333,no,0
48335,48,335,no,0
48363,48,363,no,0
48399,48,399,no,0
48411,48,411,no,0
48429,48,429,no,0
48431,48,431,no,0
48451,48,451,no,0
48367,48,367,no,0
48439,48,439,no,0
48497,48,497,no,0
48009,48,9,no,0
48011,48,11,no,0
48023,48,23,no,0
48045,48,45,no,0
48065,48,65,no,0
48075,48,75,no,0
48077,48,77,no,0
48087,48,87,no,0
48097,48,97,no,0
48101,48,101,no,0
48111,48,111,no,0
48117,48,117,no,0
48125,48,125,no,0
48129,48,129,no,0
48153,48,153,no,0
48155,48,155,no,0
48179,48,179,no,0
48191,48,191,no,0
48195,48,195,no,0
48197,48,197,no,0
48205,48,205,no,0
48211,48,211,no,0
48233,48,233,no,0
48237,48,237,no,0
48269,48,269,no,0
48275,48,275,no,0
48295,48,295,no,0
48337,48,337,no,0
48341,48,341,no,0
48345,48,345,no,0
48357,48,357,no,0
48359,48,359,no,0
48375,48,375,no,0
48381,48,381,no,0
48393,48,393,no,0
48421,48,421,no,0
48437,48,437,no,0
48483,48,483,no,0
48485,48,485,no,0
48487,48,487,no,0
48497,48,497,no,0
48039,48,39,no,0
48071,48,71,no,0
48167,48,167,no,0
48245,48,245,no,0
48047,48,47,no,0
48131,48,131,no,0
48187,48,187,no,0
48215,48,215,no,0
48247,48,247,no,0
48255,48,255,no,0
48297,48,297,no,0
48493,48,493,no,0
48141,48,141,no,0
48021,48,21,no,0
48041,48,41,no,0
48051,48,51,no,0
48145,48,145,no,0
48161,48,161,no,0
48287,48,287,no,0
48289,48,289,no,0
48293,48,293,no,0
48309,48,309,no,0
48331,48,331,no,0
48395,48,395,no,0
48453,48,453,no,0
48201,48,201,no,0
48017,48,17,no,0
48033,48,33,no,0
48069,48,69,no,0
48079,48,79,no,0
48107,48,107,no,0
48151,48,151,no,0
48153,48,153,no,0
48165,48,165,no,0
48169,48,169,no,0
48189,48,189,no,0
48207,48,207,no,0
48219,48,219,no,0
48227,48,227,no,0
48253,48,253,no,0
48263,48,263,no,0
48279,48,279,no,0
48303,48,303,no,0
48305,48,305,no,0
48353,48,353,no,0
48369,48,369,no,0
48415,48,415,no,0
48417,48,417,no,0
48429,48,429,no,0
48433,48,433,no,0
48441,48,441,no,0
48445,48,445,no,0
48447,48,447,no,0
48501,48,501,no,0
48503,48,503,no,0
48029,48,29,no,0
48019,48,19,no,0
48029,48,29,no,0
48031,48,31,no,0
48091,48,91,no,0
48171,48,171,no,0
48209,48,209,no,0
48259,48,259,no,0
48265,48,265,no,0
48385,48,385,no,0
48453,48,453,no,0
48039,48,39,no,0
48157,48,157,no,0
48201,48,201,no,0
48029,48,29,no,0
48043,48,43,no,0
48103,48,103,no,0
48105,48,105,no,0
48109,48,109,no,0
48127,48,127,no,0
48137,48,137,no,0
48141,48,141,no,0
48163,48,163,no,0
48229,48,229,no,0
48243,48,243,no,0
48271,48,271,no,0
48283,48,283,no,0
48301,48,301,no,0
48323,48,323,no,0
48325,48,325,no,0
48371,48,371,no,0
48377,48,377,no,0
48383,48,383,no,0
48389,48,389,no,0
48413,48,413,no,0
48435,48,435,no,0
48443,48,443,no,0
48461,48,461,no,0
48463,48,463,no,0
48465,48,465,no,0
48475,48,475,no,0
48495,48,495,no,0
48507,48,507,no,0
48113,48,113,no,0
48121,48,121,no,0
48439,48,439,no,0
48027,48,27,no,0
48035,48,35,no,0
48053,48,53,no,0
48099,48,99,no,0
48143,48,143,no,0
48193,48,193,no,0
48209,48,209,no,0
48217,48,217,no,0
48251,48,251,no,0
48281,48,281,no,0
48425,48,425,no,0
48439,48,439,no,0
48453,48,453,no,0
48113,48,113,no,0
48121,48,121,no,0
48439,48,439,no,0
48007,48,7,no,0
48021,48,21,no,0
48055,48,55,no,0
48057,48,57,no,0
48177,48,177,no,0
48239,48,239,no,0
48285,48,285,no,0
48321,48,321,no,0
48355,48,355,no,0
48391,48,391,no,0
48409,48,409,no,0
48469,48,469,no,0
48481,48,481,no,0
48013,48,13,no,0
48029,48,29,no,0
48215,48,215,no,0
48283,48,283,no,0
48311,48,311,no,0
48427,48,427,no,0
48479,48,479,no,0
48493,48,493,no,0
48505,48,505,no,0
48201,48,201,no,0
48113,48,113,no,0
48027,48,27,no,0
48491,48,491,no,0
48085,48,85,yes,1
48113,48,113,yes,1
48113,48,113,no,0
48439,48,439,no,0
48025,48,25,no,0
48061,48,61,no,0
48123,48,123,no,0
48175,48,175,no,0
48177,48,177,no,0
48215,48,215,no,0
48249,48,249,no,0
48261,48,261,no,0
48273,48,273,no,0
48409,48,409,no,0
48489,48,489,no,0
48029,48,29,no,0
48055,48,55,no,0
48091,48,91,no,0
48187,48,187,no,0
48209,48,209,no,0
48453,48,453,no,0
48071,48,71,no,0
48199,48,199,no,0
48201,48,201,no,0
48241,48,241,no,0
48291,48,291,no,0
48351,48,351,no,0
48361,48,361,no,0
48373,48,373,no,0
48457,48,457,no,0
49003,49,3,no,0
49005,49,5,no,0
49009,49,9,no,0
49011,49,11,no,0
49013,49,13,no,0
49029,49,29,no,0
49033,49,33,no,0
49043,49,43,no,0
49047,49,47,no,0
49057,49,57,no,0
49001,49,1,no,0
49011,49,11,no,0
49017,49,17,no,0
49021,49,21,no,0
49023,49,23,no,0
49025,49,25,no,0
49027,49,27,no,0
49031,49,31,no,0
49035,49,35,no,0
49039,49,39,no,0
49041,49,41,no,0
49045,49,45,no,0
49053,49,53,no,0
49055,49,55,no,0
49007,49,7,no,0
49015,49,15,no,0
49019,49,19,no,0
49035,49,35,no,0
49037,49,37,no,0
49049,49,49,no,0
49051,49,51,no,0
49023,49,23,yes,1
49035,49,35,yes,1
49039,49,39,yes,1
49049,49,49,yes,1
50001,50,1,no,0
50003,50,3,no,0
50005,50,5,no,0
50007,50,7,no,0
50009,50,9,no,0
50011,50,11,no,0
50013,50,13,no,0
50015,50,15,no,0
50017,50,17,no,0
50019,50,19,no,0
50021,50,21,no,0
50023,50,23,no,0
50025,50,25,no,0
50027,50,27,no,0
51033,51,33,no,0
51057,51,57,no,0
51061,51,61,no,0
51073,51,73,no,0
51085,51,85,no,0
51095,51,95,no,0
51097,51,97,no,0
51099,51,99,no,0
51101,51,101,no,0
51103,51,103,no,0
51115,51,115,no,0
51119,51,119,no,0
51127,51,127,no,0
51133,51,133,no,0
51153,51,153,no,0
51159,51,159,no,0
51177,51,177,no,0
51179,51,179,no,0
51193,51,193,no,0
51630,51,630,no,0
51001,51,1,yes,1
51095,51,95,yes,1
51131,51,131,yes,1
51199,51,199,yes,1
51650,51,650,yes,1
51710,51,710,yes,1
51735,51,735,yes,1
51810,51,810,yes,1
51830,51,830,yes,1
51093,51,93,no,0
51550,51,550,no,0
51620,51,620,no,0
51650,51,650,no,0
51700,51,700,no,0
51710,51,710,no,0
51740,51,740,no,0
51800,51,800,no,0
51036,51,36,no,0
51041,51,41,no,0
51053,51,53,no,0
51081,51,81,no,0
51087,51,87,no,0
51149,51,149,no,0
51175,51,175,no,0
51181,51,181,no,0
51183,51,183,no,0
51550,51,550,no,0
51570,51,570,no,0
51595,51,595,no,0
51670,51,670,no,0
51730,51,730,no,0
51760,51,760,no,0
51800,51,800,no,0
51003,51,3,no,0
51011,51,11,no,0
51019,51,19,no,0
51025,51,25,no,0
51029,51,29,no,0
51031,51,31,no,0
51037,51,37,no,0
51049,51,49,no,0
51061,51,61,no,0
51065,51,65,no,0
51067,51,67,no,0
51079,51,79,no,0
51083,51,83,no,0
51089,51,89,no,0
51111,51,111,no,0
51113,51,113,no,0
51117,51,117,no,0
51125,51,125,no,0
51143,51,143,no,0
51147,51,147,no,0
51157,51,157,no,0
51540,51,540,no,0
51590,51,590,no,0
51009,51,9,no,0
51015,51,15,no,0
51017,51,17,no,0
51019,51,19,no,0
51023,51,23,no,0
51091,51,91,no,0
51139,51,139,no,0
51161,51,161,no,0
51163,51,163,no,0
51165,51,165,no,0
51171,51,171,no,0
51187,51,187,no,0
51530,51,530,no,0
51660,51,660,no,0
51678,51,678,no,0
51680,51,680,no,0
51770,51,770,no,0
51790,51,790,no,0
51820,51,820,no,0
51007,51,7,yes,1
51041,51,41,yes,1
51047,51,47,yes,1
51075,51,75,yes,1
51087,51,87,yes,1
51109,51,109,yes,1
51135,51,135,yes,1
51137,51,137,yes,1
51145,51,145,yes,1
51177,51,177,yes,1
51013,51,13,no,0
51059,51,59,no,0
51510,51,510,no,0
51610,51,610,no,0
51005,51,5,no,0
51021,51,21,no,0
51027,51,27,no,0
51035,51,35,no,0
51045,51,45,no,0
51051,51,51,no,0
51063,51,63,no,0
51071,51,71,no,0
51077,51,77,no,0
51089,51,89,no,0
51105,51,105,no,0
51121,51,121,no,0
51141,51,141,no,0
51155,51,155,no,0
51161,51,161,no,0
51167,51,167,no,0
51169,51,169,no,0
51173,51,173,no,0
51185,51,185,no,0
51191,51,191,no,0
51195,51,195,no,0
51197,51,197,no,0
51520,51,520,no,0
51580,51,580,no,0
51640,51,640,no,0
51690,51,690,no,0
51720,51,720,no,0
51750,51,750,no,0
51775,51,775,no,0
51043,51,43,no,0
51059,51,59,no,0
51069,51,69,no,0
51107,51,107,no,0
51153,51,153,no,0
51683,51,683,no,0
51685,51,685,no,0
51840,51,840,no,0
51059,51,59,no,0
51153,51,153,no,0
51600,51,600,no,0
53033,53,33,no,0
53057,53,57,no,0
53061,53,61,no,0
53073,53,73,no,0
53029,53,29,no,0
53055,53,55,no,0
53057,53,57,no,0
53061,53,61,no,0
53073,53,73,no,0
53011,53,11,no,0
53015,53,15,no,0
53039,53,39,no,0
53041,53,41,no,0
53049,53,49,no,0
53059,53,59,no,0
53067,53,67,no,0
53069,53,69,no,0
53001,53,1,no,0
53005,53,5,no,0
53017,53,17,no,0
53021,53,21,no,0
53025,53,25,no,0
53047,53,47,no,0
53071,53,71,no,0
53077,53,77,no,0
53003,53,3,no,0
53013,53,13,no,0
53019,53,19,no,0
53023,53,23,no,0
53043,53,43,no,0
53051,53,51,no,0
53063,53,63,no,0
53065,53,65,no,0
53071,53,71,no,0
53075,53,75,no,0
53009,53,9,no,0
53027,53,27,no,0
53031,53,31,no,0
53035,53,35,no,0
53045,53,45,no,0
53053,53,53,no,0
53033,53,33,no,0
53061,53,61,no,0
53007,53,7,yes,1
53017,53,17,yes,1
53033,53,33,yes,1
53037,53,37,yes,1
53053,53,53,yes,1
53033,53,33,no,0
53053,53,53,no,0
53045,53,45,no,0
53053,53,53,no,0
53067,53,67,no,0
54001,54,1,no,0
54009,54,9,no,0
54017,54,17,no,0
54021,54,21,no,0
54023,54,23,no,0
54029,54,29,no,0
54033,54,33,no,0
54049,54,49,no,0
54051,54,51,no,0
54057,54,57,no,0
54061,54,61,no,0
54069,54,69,no,0
54073,54,73,no,0
54077,54,77,no,0
54085,54,85,no,0
54091,54,91,no,0
54093,54,93,no,0
54095,54,95,no,0
54103,54,103,no,0
54107,54,107,no,0
54003,54,3,no,0
54007,54,7,no,0
54013,54,13,no,0
54015,54,15,no,0
54027,54,27,no,0
54031,54,31,no,0
54035,54,35,no,0
54037,54,37,no,0
54039,54,39,no,0
54041,54,41,no,0
54065,54,65,no,0
54071,54,71,no,0
54079,54,79,no,0
54083,54,83,no,0
54087,54,87,no,0
54097,54,97,no,0
54105,54,105,no,0
54005,54,5,no,0
54011,54,11,no,0
54019,54,19,no,0
54025,54,25,no,0
54043,54,43,no,0
54045,54,45,no,0
54047,54,47,no,0
54053,54,53,no,0
54055,54,55,no,0
54059,54,59,no,0
54063,54,63,no,0
54067,54,67,no,0
54075,54,75,no,0
54081,54,81,no,0
54089,54,89,no,0
54099,54,99,no,0
54101,54,101,no,0
54109,54,109,no,0
55059,55,59,no,0
55079,55,79,no,0
55101,55,101,no,0
55105,55,105,no,0
55127,55,127,no,0
55133,55,133,no,0
55025,55,25,no,0
55045,55,45,no,0
55049,55,49,no,0
55065,55,65,no,0
55103,55,103,no,0
55105,55,105,no,0
55111,55,111,no,0
55001,55,1,no,0
55011,55,11,no,0
55017,55,17,no,0
55023,55,23,no,0
55033,55,33,no,0
55035,55,35,no,0
55043,55,43,no,0
55053,55,53,no,0
55057,55,57,no,0
55063,55,63,no,0
55081,55,81,no,0
55091,55,91,no,0
55093,55,93,no,0
55097,55,97,no,0
55103,55,103,no,0
55121,55,121,no,0
55123,55,123,no,0
55141,55,141,no,0
55079,55,79,no,0
55133,55,133,no,0
55027,55,27,no,0
55055,55,55,no,0
55079,55,79,no,0
55127,55,127,no,0
55131,55,131,no,0
55133,55,133,no,0
55021,55,21,no,0
55027,55,27,no,0
55039,55,39,no,0
55047,55,47,no,0
55071,55,71,no,0
55077,55,77,no,0
55079,55,79,no,0
55089,55,89,no,0
55117,55,117,no,0
55137,55,137,no,0
55139,55,139,no,0
55003,55,3,no,0
55005,55,5,no,0
55007,55,7,no,0
55013,55,13,no,0
55017,55,17,no,0
55019,55,19,no,0
55031,55,31,no,0
55037,55,37,no,0
55041,55,41,no,0
55051,55,51,no,0
55053,55,53,no,0
55057,55,57,no,0
55067,55,67,no,0
55069,55,69,no,0
55073,55,73,no,0
55081,55,81,no,0
55085,55,85,no,0
55095,55,95,no,0
55099,55,99,no,0
55107,55,107,no,0
55109,55,109,no,0
55113,55,113,no,0
55119,55,119,no,0
55125,55,125,no,0
55129,55,129,no,0
55141,55,141,no,0
55009,55,9,no,0
55015,55,15,no,0
55029,55,29,no,0
55061,55,61,no,0
55075,55,75,no,0
55078,55,78,no,0
55083,55,83,no,0
55087,55,87,no,0
55115,55,115,no,0
55135,55,135,no,0
55139,55,139,no,0
56001,56,1,no,0
56003,56,3,no,0
56005,56,5,no,0
56007,56,7,no,0
56009,56,9,no,0
56011,56,11,no,0
56013,56,13,no,0
56015,56,15,no,0
56017,56,17,no,0
56019,56,19,no,0
56021,56,21,no,0
56023,56,23,no,0
56025,56,25,no,0
56027,56,27,no,0
56029,56,29,no,0
56031,56,31,no,0
56033,56,33,no,0
56035,56,35,no,0
56037,56,37,no,0
56039,56,39,no,0
56041,56,41,no,0
56043,56,43,no,0
56045,56,45,no,0
60010,60,10,no,0
60020,60,20,no,0
60030,60,30,no,0
60040,60,40,no,0
60050,60,50,no,0
66010,66,10,no,0
69085,69,85,no,0
69100,69,100,no,0
69110,69,110,no,0
69120,69,120,no,0
72001,72,1,no,0
72003,72,3,no,0
72005,72,5,no,0
72007,72,7,no,0
72009,72,9,no,0
72011,72,11,no,0
72013,72,13,no,0
72015,72,15,no,0
72017,72,17,no,0
72019,72,19,no,0
72021,72,21,no,0
72023,72,23,no,0
72025,72,25,no,0
72027,72,27,no,0
72029,72,29,no,0
72031,72,31,no,0
72033,72,33,no,0
72035,72,35,no,0
72037,72,37,no,0
72039,72,39,no,0
72041,72,41,no,0
72043,72,43,no,0
72045,72,45,no,0
72047,72,47,no,0
72049,72,49,no,0
72051,72,51,no,0
72053,72,53,no,0
72054,72,54,no,0
72055,72,55,no,0
72057,72,57,no,0
72059,72,59,no,0
72061,72,61,no,0
72063,72,63,no,0
72065,72,65,no,0
72067,72,67,no,0
72069,72,69,no,0
72071,72,71,no,0
72073,72,73,no,0
72075,72,75,no,0
72077,72,77,no,0
72079,72,79,no,0
72081,72,81,no,0
72083,72,83,no,0
72085,72,85,no,0
72087,72,87,no,0
72089,72,89,no,0
72091,72,91,no,0
72093,72,93,no,0
72095,72,95,no,0
72097,72,97,no,0
72099,72,99,no,0
72101,72,101,no,0
72103,72,103,no,0
72105,72,105,no,0
72107,72,107,no,0
72109,72,109,no,0
72111,72,111,no,0
72113,72,113,no,0
72115,72,115,no,0
72117,72,117,no,0
72119,72,119,no,0
72121,72,121,no,0
72123,72,123,no,0
72125,72,125,no,0
72127,72,127,no,0
72129,72,129,no,0
72131,72,131,no,0
72133,72,133,no,0
72135,72,135,no,0
72137,72,137,no,0
72139,72,139,no,0
72141,72,141,no,0
72143,72,143,no,0
72145,72,145,no,0
72147,72,147,no,0
72149,72,149,no,0
72151,72,151,no,0
72153,72,153,no,0
78010,78,10,no,0
78020,78,20,no,0
78030,78,30,no,0